Customer ID,Age,Gender,Marital Status,Annual Income,Total Purchases,Preferred Category,Cluster
1000,0.4107142857142857,0.0,1.0,0.8375000000000001,0.0289855072463768,1.0,0
1001,0.9107142857142858,1.0,0.0,0.525,0.4927536231884058,0.0,0
1002,0.4107142857142857,0.0,2.0,0.8,0.3188405797101449,0.0,0
1003,0.75,1.0,1.0,0.3,0.4927536231884058,0.0,0
1004,0.1607142857142857,0.0,2.0,0.1375,1.0,0.0,0
1005,0.25,1.0,1.0,0.225,0.927536231884058,0.0,0
1006,0.3928571428571428,0.0,1.0,0.7125,0.4057971014492753,1.0,0
1007,0.1964285714285714,1.0,2.0,0.7625000000000001,0.8840579710144928,0.0,0
1008,0.4464285714285714,0.0,1.0,0.0625,0.6811594202898551,0.0,0
1009,0.0,0.0,2.0,0.8,0.9855072463768116,0.0,0
1010,0.8928571428571428,0.0,1.0,0.825,0.0434782608695652,1.0,0
1011,0.8214285714285714,0.0,2.0,0.0375,0.5797101449275363,1.0,0
1012,0.1964285714285714,1.0,1.0,0.375,0.8260869565217391,1.0,0
1013,0.5357142857142858,0.0,0.0,0.675,0.7246376811594204,0.0,0
1014,0.4821428571428571,0.0,2.0,0.0125,0.0289855072463768,0.0,0
1015,1.0,0.0,0.0,0.6375000000000001,0.6376811594202899,0.0,0
1016,0.5357142857142858,0.0,2.0,0.9125,0.0579710144927536,1.0,0
1017,0.9107142857142858,1.0,1.0,0.4,0.0869565217391304,0.0,0
1018,1.0,0.0,2.0,0.925,0.1014492753623188,0.0,0
1019,0.7678571428571428,0.0,0.0,0.4125,0.5942028985507247,1.0,0
1020,0.4999999999999999,1.0,1.0,0.925,0.8115942028985508,0.0,0
1021,0.0178571428571428,0.0,1.0,0.1124999999999999,0.4057971014492753,0.0,0
1022,0.9821428571428572,0.0,2.0,0.5750000000000001,0.0434782608695652,0.0,0
1023,0.0535714285714286,1.0,2.0,0.0625,0.463768115942029,1.0,0
1024,0.1428571428571428,0.0,1.0,0.9000000000000001,0.6376811594202899,1.0,0
1025,0.6607142857142858,0.0,0.0,0.3,0.5072463768115942,1.0,0
1026,0.5892857142857142,0.0,0.0,0.5,0.2463768115942028,1.0,0
1027,0.8571428571428572,0.0,1.0,0.0875,0.8840579710144928,1.0,0
1028,0.1607142857142857,1.0,0.0,0.7625000000000001,0.9420289855072465,1.0,0
1029,0.4999999999999999,0.0,1.0,0.8125,0.7391304347826088,1.0,0
1030,0.8214285714285714,0.0,2.0,0.8875,0.6086956521739131,1.0,0
1031,0.1071428571428571,0.0,1.0,0.2125,1.0,1.0,0
1032,0.2857142857142857,1.0,2.0,0.5375000000000001,0.072463768115942,1.0,0
1033,0.4642857142857142,1.0,2.0,0.025,0.3768115942028985,0.0,0
1034,0.3928571428571428,0.0,0.0,0.2875,0.4492753623188406,1.0,0
1035,0.8928571428571428,1.0,1.0,0.9375,0.4927536231884058,1.0,0
1036,0.6071428571428572,0.0,2.0,0.9875,0.3478260869565217,1.0,0
1037,0.2857142857142857,1.0,1.0,0.075,0.2463768115942028,0.0,0
1038,0.9107142857142858,0.0,1.0,0.0125,0.463768115942029,1.0,0
1039,0.0714285714285714,1.0,0.0,0.025,0.8115942028985508,0.0,0
1040,0.4464285714285714,1.0,1.0,0.175,0.3043478260869565,0.0,0
1041,0.6607142857142858,0.0,0.0,0.175,0.3478260869565217,1.0,0
1042,0.6785714285714286,0.0,1.0,0.7000000000000001,0.3333333333333333,1.0,0
1043,0.9821428571428572,1.0,2.0,0.2875,0.6231884057971016,1.0,0
1044,0.9642857142857144,0.0,2.0,0.7125,0.1594202898550724,1.0,0
1045,0.0,1.0,1.0,0.1875,0.3478260869565217,0.0,0
1046,0.2321428571428571,0.0,2.0,0.3375,0.6811594202898551,1.0,0
1047,0.3214285714285714,0.0,1.0,0.75,0.7971014492753624,1.0,0
1048,0.4285714285714285,1.0,2.0,0.375,0.4057971014492753,0.0,0
1049,0.4642857142857142,0.0,0.0,0.7125,0.144927536231884,0.0,0
1050,0.4999999999999999,0.0,0.0,0.6625000000000001,0.3768115942028985,0.0,0
1051,0.75,1.0,1.0,0.3625,0.6956521739130436,0.0,0
1052,0.8214285714285714,1.0,1.0,0.8125,0.0144927536231884,0.0,0
1053,0.5714285714285714,1.0,2.0,0.2125,0.2463768115942028,1.0,0
1054,0.7142857142857144,1.0,2.0,0.1124999999999999,0.9565217391304348,1.0,0
1055,0.8035714285714286,1.0,0.0,0.5375000000000001,0.2608695652173913,0.0,0
1056,0.0714285714285714,0.0,2.0,0.1,0.2608695652173913,1.0,0
1057,0.7678571428571428,0.0,0.0,0.975,0.8405797101449276,1.0,0
1058,0.3571428571428571,0.0,0.0,0.975,0.7391304347826088,1.0,0
1059,0.0535714285714286,1.0,2.0,0.7875000000000001,0.0144927536231884,0.0,0
1060,0.0535714285714286,0.0,1.0,0.1875,0.144927536231884,1.0,0
1061,0.7857142857142858,1.0,2.0,0.0125,0.9710144927536232,1.0,0
1062,0.6428571428571428,1.0,0.0,0.9000000000000001,0.3188405797101449,1.0,0
1063,0.875,1.0,0.0,0.1625,0.5942028985507247,0.0,0
1064,0.8392857142857144,0.0,2.0,0.4625,0.7971014492753624,1.0,0
1065,0.2678571428571428,0.0,2.0,0.025,0.6376811594202899,0.0,0
1066,0.1964285714285714,0.0,0.0,0.75,0.7246376811594204,1.0,0
1067,0.1428571428571428,1.0,2.0,0.1,0.2898550724637681,1.0,0
1068,0.9821428571428572,1.0,0.0,0.7375,0.9565217391304348,1.0,0
1069,0.6428571428571428,0.0,2.0,0.8625,0.7536231884057971,0.0,0
1070,0.6964285714285714,1.0,2.0,0.2,0.1739130434782608,1.0,0
1071,0.9107142857142858,0.0,0.0,1.0,0.855072463768116,0.0,0
1072,0.9642857142857144,1.0,0.0,0.5875,0.1304347826086956,1.0,0
1073,0.6607142857142858,0.0,1.0,0.6000000000000001,0.0869565217391304,0.0,0
1074,0.125,0.0,2.0,0.95,0.9855072463768116,0.0,0
1075,0.125,1.0,2.0,0.1625,0.855072463768116,0.0,0
1076,0.8928571428571428,0.0,0.0,0.2875,0.4202898550724637,1.0,0
1077,0.1428571428571428,1.0,2.0,0.925,0.2898550724637681,0.0,0
1078,0.3928571428571428,1.0,1.0,0.1,0.0144927536231884,0.0,0
1079,0.2678571428571428,0.0,2.0,0.8375000000000001,0.072463768115942,0.0,0
1080,0.0892857142857143,0.0,2.0,0.8125,0.0289855072463768,0.0,0
1081,0.7857142857142858,1.0,1.0,0.9875,0.0869565217391304,0.0,0
1082,0.5892857142857142,0.0,2.0,0.15,0.9130434782608696,1.0,0
1083,0.4464285714285714,1.0,0.0,0.7875000000000001,0.1304347826086956,0.0,0
1084,0.6428571428571428,1.0,1.0,0.125,0.7536231884057971,0.0,0
1085,0.2142857142857142,1.0,0.0,0.5375000000000001,0.9565217391304348,0.0,0
1086,0.4464285714285714,1.0,2.0,0.1124999999999999,0.391304347826087,0.0,0
1087,0.3392857142857142,1.0,1.0,0.6875,0.8695652173913044,0.0,0
1088,0.5714285714285714,0.0,1.0,0.8875,0.7681159420289856,0.0,0
1089,0.1785714285714285,0.0,0.0,0.5125000000000001,0.782608695652174,0.0,0
1090,0.8928571428571428,0.0,0.0,0.4125,0.7971014492753624,1.0,0
1091,0.2678571428571428,1.0,0.0,0.8875,0.6376811594202899,0.0,0
1092,0.8035714285714286,1.0,2.0,0.7875000000000001,0.5217391304347827,1.0,0
1093,0.625,0.0,0.0,0.0875,0.9130434782608696,0.0,0
1094,0.9285714285714286,0.0,1.0,0.7125,0.4492753623188406,0.0,0
1095,0.0535714285714286,0.0,0.0,1.0,0.2463768115942028,1.0,0
1096,0.2678571428571428,1.0,1.0,0.7250000000000001,0.9710144927536232,0.0,0
1097,0.0357142857142857,0.0,1.0,0.35,0.1304347826086956,0.0,0
1098,0.1964285714285714,1.0,0.0,0.2375,0.2028985507246376,1.0,0
1099,0.0357142857142857,0.0,0.0,0.3625,0.072463768115942,0.0,0
1100,0.0535714285714286,1.0,0.0,0.125,0.4927536231884058,0.0,0
1101,0.8928571428571428,0.0,2.0,0.9625,0.8695652173913044,1.0,0
1102,0.6785714285714286,0.0,2.0,0.55,0.8985507246376813,1.0,0
1103,0.875,1.0,2.0,0.9375,0.1159420289855072,0.0,0
1104,0.7857142857142858,1.0,0.0,0.2125,0.217391304347826,0.0,0
1105,0.1964285714285714,0.0,0.0,0.8875,0.6521739130434783,1.0,0
1106,0.3571428571428571,0.0,1.0,0.675,0.2028985507246376,0.0,0
1107,0.1607142857142857,1.0,0.0,0.75,0.144927536231884,0.0,0
1108,0.625,1.0,1.0,0.2125,0.7681159420289856,0.0,0
1109,0.4285714285714285,0.0,0.0,0.975,0.463768115942029,1.0,0
1110,0.1607142857142857,0.0,1.0,0.65,0.072463768115942,0.0,0
1111,0.7857142857142858,1.0,1.0,0.5125000000000001,0.9130434782608696,1.0,0
1112,0.0892857142857143,1.0,2.0,0.65,0.6521739130434783,0.0,0
1113,0.0714285714285714,1.0,1.0,0.3875,0.9855072463768116,0.0,0
1114,0.5357142857142858,0.0,2.0,0.1124999999999999,0.0579710144927536,1.0,0
1115,0.7142857142857144,1.0,1.0,0.3625,0.217391304347826,0.0,0
1116,0.2142857142857142,1.0,2.0,0.8375000000000001,0.3623188405797101,1.0,0
1117,0.1785714285714285,0.0,2.0,0.8625,0.7391304347826088,0.0,0
1118,0.8214285714285714,1.0,2.0,0.75,0.4782608695652174,1.0,0
1119,0.25,1.0,2.0,0.825,0.4492753623188406,1.0,0
1120,0.1607142857142857,1.0,1.0,0.175,0.7246376811594204,1.0,0
1121,0.6607142857142858,1.0,2.0,0.4625,0.4202898550724637,1.0,0
1122,0.3571428571428571,0.0,2.0,0.2375,0.6086956521739131,1.0,0
1123,0.875,0.0,2.0,0.4875,0.1304347826086956,0.0,0
1124,0.6607142857142858,0.0,0.0,1.0,0.7971014492753624,1.0,0
1125,0.3928571428571428,0.0,0.0,0.1,0.8840579710144928,1.0,0
1126,0.9464285714285714,0.0,1.0,0.7375,0.3478260869565217,1.0,0
1127,0.4999999999999999,1.0,2.0,0.2375,0.9420289855072465,1.0,0
1128,0.7142857142857144,0.0,0.0,0.4375,0.3043478260869565,0.0,0
1129,0.0,1.0,0.0,0.8500000000000001,0.1739130434782608,1.0,0
1130,0.7678571428571428,0.0,1.0,0.65,0.4927536231884058,1.0,0
1131,0.6071428571428572,0.0,0.0,0.925,0.3623188405797101,0.0,0
1132,1.0,1.0,2.0,0.9875,1.0,0.0,0
1133,0.75,1.0,0.0,0.125,0.0289855072463768,1.0,0
1134,0.2857142857142857,0.0,0.0,0.8500000000000001,0.0434782608695652,1.0,0
1135,0.4642857142857142,0.0,2.0,0.4125,0.9420289855072465,1.0,0
1136,0.9821428571428572,1.0,1.0,0.1,0.0144927536231884,1.0,0
1137,0.8571428571428572,0.0,0.0,0.175,0.1304347826086956,0.0,0
1138,0.9642857142857144,0.0,2.0,0.3875,0.0434782608695652,1.0,0
1139,0.8571428571428572,0.0,2.0,0.45,0.0579710144927536,0.0,0
1140,0.7678571428571428,1.0,1.0,0.7875000000000001,0.0579710144927536,1.0,0
1141,0.3749999999999999,0.0,1.0,0.2375,0.1594202898550724,1.0,0
1142,0.25,0.0,1.0,0.225,0.4057971014492753,0.0,0
1143,1.0,0.0,1.0,0.675,0.1884057971014492,1.0,0
1144,0.8928571428571428,0.0,1.0,0.6875,0.5942028985507247,0.0,0
1145,0.8928571428571428,1.0,0.0,0.2375,0.7971014492753624,0.0,0
1146,0.2321428571428571,0.0,2.0,0.675,0.9565217391304348,0.0,0
1147,0.7142857142857144,1.0,2.0,0.375,0.782608695652174,1.0,0
1148,0.3035714285714285,1.0,0.0,0.8,0.463768115942029,1.0,0
1149,0.4999999999999999,1.0,2.0,0.2125,0.1739130434782608,0.0,0
1150,0.0,0.0,0.0,0.5,0.7101449275362319,0.0,0
1151,0.3392857142857142,0.0,2.0,0.3625,1.0,0.0,0
1152,0.4285714285714285,1.0,2.0,0.8375000000000001,0.4347826086956521,0.0,0
1153,0.4464285714285714,1.0,0.0,0.225,0.144927536231884,0.0,0
1154,0.875,1.0,1.0,0.875,0.3768115942028985,1.0,0
1155,0.9464285714285714,0.0,1.0,0.825,0.855072463768116,1.0,0
1156,0.5178571428571428,1.0,1.0,0.225,0.8695652173913044,1.0,0
1157,0.0892857142857143,0.0,2.0,0.1375,0.9420289855072465,0.0,0
1158,1.0,1.0,0.0,0.6375000000000001,0.6376811594202899,0.0,0
1159,0.6785714285714286,1.0,0.0,0.35,0.5507246376811594,0.0,0
1160,0.0,1.0,2.0,0.1124999999999999,0.4347826086956521,0.0,0
1161,0.6607142857142858,1.0,0.0,0.4625,0.6521739130434783,0.0,0
1162,0.7321428571428572,1.0,1.0,0.8,0.9565217391304348,1.0,0
1163,0.0535714285714286,0.0,2.0,0.75,0.3043478260869565,1.0,0
1164,0.75,1.0,2.0,0.45,0.0434782608695652,0.0,0
1165,0.25,0.0,0.0,0.55,0.6666666666666667,0.0,0
1166,0.0,1.0,2.0,0.025,0.3623188405797101,0.0,0
1167,0.4999999999999999,1.0,0.0,0.0,0.3768115942028985,1.0,0
1168,0.9642857142857144,1.0,1.0,0.775,0.5942028985507247,0.0,0
1169,0.0178571428571428,0.0,1.0,0.35,0.4347826086956521,0.0,0
1170,0.5892857142857142,1.0,0.0,0.8375000000000001,0.7246376811594204,1.0,0
1171,0.4464285714285714,0.0,2.0,0.5625,0.8985507246376813,0.0,0
1172,0.4285714285714285,0.0,0.0,0.425,0.8115942028985508,1.0,0
1173,0.1785714285714285,1.0,2.0,0.2125,0.9855072463768116,0.0,0
1174,0.0,1.0,2.0,0.2875,0.0869565217391304,1.0,0
1175,0.8392857142857144,0.0,2.0,0.05,0.2318840579710145,0.0,0
1176,0.875,0.0,0.0,0.8875,0.3768115942028985,0.0,0
1177,0.125,1.0,0.0,0.75,0.5362318840579711,1.0,0
1178,0.8035714285714286,0.0,1.0,0.4,0.855072463768116,1.0,0
1179,0.125,1.0,0.0,0.8,0.6956521739130436,1.0,0
1180,0.0178571428571428,0.0,1.0,0.625,0.1739130434782608,0.0,0
1181,0.0357142857142857,0.0,1.0,0.1625,0.1014492753623188,1.0,0
1182,0.1607142857142857,1.0,2.0,0.9000000000000001,0.3623188405797101,0.0,0
1183,0.8035714285714286,1.0,1.0,0.5625,0.3333333333333333,0.0,0
1184,0.8035714285714286,0.0,0.0,0.0875,0.144927536231884,1.0,0
1185,0.1071428571428571,1.0,2.0,0.8125,0.6086956521739131,1.0,0
1186,0.8392857142857144,1.0,1.0,0.5,0.4347826086956521,1.0,0
1187,0.4642857142857142,0.0,2.0,0.5125000000000001,0.782608695652174,0.0,0
1188,0.8035714285714286,1.0,0.0,0.5,0.7246376811594204,1.0,0
1189,0.4821428571428571,1.0,2.0,0.475,0.4927536231884058,0.0,0
1190,0.5535714285714286,1.0,0.0,0.8,0.5217391304347827,0.0,0
1191,0.3749999999999999,0.0,2.0,0.6625000000000001,0.3043478260869565,0.0,0
1192,0.8214285714285714,1.0,1.0,0.7875000000000001,0.5507246376811594,1.0,0
1193,0.5178571428571428,0.0,2.0,0.7625000000000001,0.4347826086956521,0.0,0
1194,0.6964285714285714,0.0,0.0,0.925,0.217391304347826,0.0,0
1195,0.8571428571428572,0.0,0.0,0.45,0.6231884057971016,1.0,0
1196,0.2142857142857142,0.0,0.0,0.8875,0.8695652173913044,0.0,0
1197,0.3392857142857142,1.0,2.0,0.8125,0.5362318840579711,1.0,0
1198,0.5535714285714286,0.0,0.0,0.5625,0.4782608695652174,0.0,0
1199,0.1785714285714285,0.0,1.0,0.6125,0.6231884057971016,1.0,0
1200,0.1071428571428571,0.0,2.0,0.0375,0.1884057971014492,0.0,0
1201,0.2321428571428571,1.0,0.0,0.3875,0.927536231884058,0.0,0
1202,0.8928571428571428,1.0,2.0,0.0375,0.1739130434782608,1.0,0
1203,0.2142857142857142,0.0,2.0,0.9125,0.4057971014492753,1.0,0
1204,0.0,0.0,1.0,0.325,0.2753623188405797,0.0,0
1205,0.7321428571428572,1.0,2.0,0.3375,0.3043478260869565,0.0,0
1206,0.875,1.0,2.0,0.625,0.7101449275362319,1.0,0
1207,0.1071428571428571,1.0,2.0,0.2625,0.0579710144927536,1.0,0
1208,0.875,1.0,0.0,0.75,0.6376811594202899,1.0,0
1209,0.3392857142857142,1.0,1.0,0.1124999999999999,0.4492753623188406,0.0,0
1210,0.9642857142857144,1.0,2.0,0.0625,0.4492753623188406,1.0,0
1211,0.9464285714285714,0.0,0.0,0.9625,0.3188405797101449,1.0,0
1212,0.9464285714285714,0.0,1.0,0.55,0.3478260869565217,1.0,0
1213,0.9107142857142858,0.0,0.0,0.5,0.7391304347826088,0.0,0
1214,0.6428571428571428,0.0,1.0,0.4125,0.4057971014492753,1.0,0
1215,0.1964285714285714,0.0,2.0,0.8375000000000001,0.9855072463768116,1.0,0
1216,0.8035714285714286,0.0,2.0,0.175,0.5652173913043479,1.0,0
1217,0.5178571428571428,0.0,1.0,0.625,0.3333333333333333,1.0,0
1218,0.8928571428571428,1.0,2.0,0.5750000000000001,0.2463768115942028,0.0,0
1219,0.125,1.0,2.0,0.1875,0.7101449275362319,0.0,0
1220,0.6071428571428572,0.0,2.0,0.925,0.0579710144927536,1.0,0
1221,0.3214285714285714,0.0,0.0,0.175,1.0,0.0,0
1222,0.1428571428571428,1.0,2.0,0.4,0.3768115942028985,1.0,0
1223,1.0,0.0,1.0,0.225,0.144927536231884,0.0,0
1224,0.0892857142857143,1.0,2.0,1.0,0.9710144927536232,0.0,0
1225,0.5535714285714286,0.0,2.0,0.0875,0.3768115942028985,1.0,0
1226,0.1785714285714285,1.0,0.0,0.7000000000000001,0.7246376811594204,0.0,0
1227,0.875,1.0,0.0,0.7250000000000001,0.1304347826086956,0.0,0
1228,0.2857142857142857,1.0,2.0,0.7250000000000001,0.1739130434782608,0.0,0
1229,0.3035714285714285,0.0,1.0,0.8500000000000001,0.3333333333333333,0.0,0
1230,0.0,1.0,0.0,0.225,0.7246376811594204,0.0,0
1231,0.8571428571428572,0.0,1.0,0.15,0.8695652173913044,0.0,0
1232,0.8035714285714286,0.0,2.0,0.2875,0.927536231884058,1.0,0
1233,0.5357142857142858,1.0,1.0,0.7250000000000001,0.3188405797101449,1.0,0
1234,0.4821428571428571,1.0,0.0,0.4125,0.6086956521739131,1.0,0
1235,0.125,1.0,1.0,0.5375000000000001,0.9565217391304348,0.0,0
1236,0.7142857142857144,1.0,2.0,0.4,0.5072463768115942,0.0,0
1237,0.6785714285714286,0.0,0.0,0.35,0.6521739130434783,0.0,0
1238,0.7678571428571428,0.0,0.0,0.5125000000000001,0.4492753623188406,0.0,0
1239,0.3214285714285714,1.0,0.0,0.7625000000000001,0.3043478260869565,1.0,0
1240,0.75,1.0,1.0,0.5,0.6231884057971016,1.0,0
1241,0.875,0.0,2.0,0.7375,0.2028985507246376,0.0,0
1242,0.4999999999999999,1.0,1.0,0.1875,0.0869565217391304,1.0,0
1243,0.3035714285714285,0.0,1.0,0.8375000000000001,0.9130434782608696,1.0,0
1244,0.5535714285714286,1.0,2.0,0.925,0.7391304347826088,0.0,0
1245,0.9285714285714286,1.0,0.0,0.6625000000000001,0.7536231884057971,1.0,0
1246,0.0892857142857143,0.0,1.0,0.1,0.5217391304347827,0.0,0
1247,0.2857142857142857,1.0,0.0,0.8375000000000001,0.5507246376811594,1.0,0
1248,0.0892857142857143,0.0,0.0,0.8625,0.1594202898550724,0.0,0
1249,0.6607142857142858,0.0,1.0,0.8125,0.4057971014492753,0.0,0
1250,0.8392857142857144,0.0,2.0,0.225,0.927536231884058,1.0,0
1251,0.2678571428571428,0.0,0.0,0.15,0.3333333333333333,0.0,0
1252,0.1071428571428571,1.0,1.0,0.95,0.4492753623188406,0.0,0
1253,0.5178571428571428,1.0,0.0,0.05,0.1739130434782608,1.0,0
1254,0.3749999999999999,0.0,0.0,0.875,0.9565217391304348,0.0,0
1255,0.8928571428571428,1.0,1.0,0.8500000000000001,0.5652173913043479,0.0,0
1256,0.1785714285714285,0.0,1.0,0.1124999999999999,0.7681159420289856,0.0,0
1257,0.4642857142857142,1.0,1.0,0.2375,0.2753623188405797,1.0,0
1258,0.6428571428571428,1.0,1.0,0.35,0.5797101449275363,0.0,0
1259,0.8214285714285714,0.0,2.0,0.1625,0.7681159420289856,0.0,0
1260,0.0535714285714286,1.0,1.0,0.375,0.6811594202898551,0.0,0
1261,0.7678571428571428,1.0,2.0,0.8625,0.5652173913043479,0.0,0
1262,0.6428571428571428,0.0,1.0,0.7000000000000001,0.1594202898550724,1.0,0
1263,0.9642857142857144,1.0,2.0,1.0,0.1014492753623188,0.0,0
1264,0.2857142857142857,0.0,2.0,0.9375,0.9855072463768116,0.0,0
1265,0.6428571428571428,0.0,0.0,0.4,0.6231884057971016,1.0,0
1266,0.3749999999999999,0.0,1.0,0.0875,0.4782608695652174,0.0,0
1267,0.4285714285714285,1.0,2.0,0.2375,0.3188405797101449,0.0,0
1268,0.0535714285714286,0.0,0.0,0.0625,0.4492753623188406,1.0,0
1269,0.1071428571428571,1.0,2.0,0.75,0.7246376811594204,0.0,0
1270,1.0,0.0,1.0,0.3875,0.391304347826087,0.0,0
1271,0.1071428571428571,1.0,2.0,0.1,0.782608695652174,1.0,0
1272,0.3749999999999999,0.0,2.0,0.0125,1.0,0.0,0
1273,0.3214285714285714,0.0,1.0,0.9375,0.9855072463768116,1.0,0
1274,0.1607142857142857,1.0,2.0,0.55,0.7681159420289856,1.0,0
1275,0.9642857142857144,0.0,2.0,0.75,0.072463768115942,1.0,0
1276,0.4642857142857142,1.0,2.0,0.3,0.7681159420289856,0.0,0
1277,0.875,1.0,1.0,0.475,0.6956521739130436,1.0,0
1278,0.4999999999999999,1.0,0.0,0.9125,0.5797101449275363,1.0,0
1279,0.0357142857142857,1.0,2.0,0.45,0.6231884057971016,0.0,0
1280,0.3035714285714285,0.0,1.0,0.825,0.1594202898550724,0.0,0
1281,0.4999999999999999,1.0,2.0,0.15,0.5217391304347827,0.0,0
1282,0.0,1.0,1.0,0.2375,0.0869565217391304,0.0,0
1283,0.4464285714285714,1.0,2.0,0.0,0.6666666666666667,1.0,0
1284,0.2678571428571428,1.0,2.0,0.0125,0.8840579710144928,1.0,0
1285,0.3928571428571428,0.0,0.0,0.5,0.4782608695652174,0.0,0
1286,0.875,1.0,1.0,0.7250000000000001,0.855072463768116,1.0,0
1287,0.7321428571428572,1.0,0.0,0.2,0.927536231884058,1.0,0
1288,0.2142857142857142,0.0,1.0,0.7625000000000001,0.8405797101449276,0.0,0
1289,0.3392857142857142,0.0,1.0,0.0,0.5797101449275363,0.0,0
1290,0.3928571428571428,0.0,0.0,0.0875,0.8695652173913044,0.0,0
1291,0.8571428571428572,1.0,1.0,0.0875,0.0434782608695652,0.0,0
1292,0.3749999999999999,0.0,1.0,0.8375000000000001,0.4782608695652174,0.0,0
1293,0.5892857142857142,0.0,0.0,0.1375,0.7681159420289856,0.0,0
1294,0.0714285714285714,0.0,0.0,0.6000000000000001,0.6811594202898551,1.0,0
1295,0.9464285714285714,1.0,1.0,0.1625,0.782608695652174,0.0,0
1296,0.8214285714285714,0.0,1.0,0.975,0.5797101449275363,1.0,0
1297,0.3749999999999999,0.0,0.0,0.175,0.391304347826087,1.0,0
1298,0.0178571428571428,0.0,0.0,0.5875,0.4492753623188406,0.0,0
1299,0.3035714285714285,1.0,1.0,1.0,0.144927536231884,1.0,0
1300,0.0892857142857143,1.0,2.0,0.9375,0.2753623188405797,0.0,0
1301,0.5892857142857142,0.0,2.0,0.45,0.927536231884058,1.0,0
1302,0.0357142857142857,1.0,0.0,0.3125,0.4202898550724637,0.0,0
1303,0.0892857142857143,1.0,1.0,0.8375000000000001,0.1014492753623188,1.0,0
1304,0.4821428571428571,0.0,0.0,0.65,0.8695652173913044,1.0,0
1305,0.4107142857142857,1.0,0.0,0.4,0.9420289855072465,0.0,0
1306,0.0357142857142857,0.0,1.0,0.55,0.5797101449275363,0.0,0
1307,0.4821428571428571,1.0,2.0,0.05,0.8985507246376813,1.0,0
1308,0.4999999999999999,0.0,1.0,0.3125,0.4492753623188406,1.0,0
1309,0.6607142857142858,1.0,1.0,0.5375000000000001,0.927536231884058,0.0,0
1310,0.4464285714285714,1.0,2.0,0.2875,0.1739130434782608,0.0,0
1311,0.6964285714285714,0.0,1.0,0.65,0.3043478260869565,1.0,0
1312,0.9821428571428572,1.0,2.0,0.7375,0.2608695652173913,0.0,0
1313,0.3035714285714285,1.0,1.0,0.8125,0.391304347826087,0.0,0
1314,0.75,0.0,1.0,0.8375000000000001,0.9710144927536232,0.0,0
1315,0.7142857142857144,1.0,2.0,0.4875,0.9420289855072465,0.0,0
1316,0.875,0.0,2.0,0.2625,0.2318840579710145,0.0,0
1317,0.0892857142857143,1.0,2.0,0.6375000000000001,0.8840579710144928,1.0,0
1318,0.9821428571428572,0.0,2.0,0.225,0.4347826086956521,0.0,0
1319,0.2142857142857142,0.0,2.0,0.1124999999999999,0.8115942028985508,1.0,0
1320,0.0178571428571428,1.0,0.0,0.1124999999999999,0.6231884057971016,1.0,0
1321,0.6071428571428572,0.0,1.0,0.55,0.1014492753623188,1.0,0
1322,0.6964285714285714,0.0,1.0,0.4625,0.8115942028985508,0.0,0
1323,0.25,1.0,0.0,0.1375,0.0289855072463768,0.0,0
1324,0.0178571428571428,1.0,1.0,0.7250000000000001,0.7246376811594204,0.0,0
1325,0.0357142857142857,0.0,1.0,0.8625,0.6956521739130436,0.0,0
1326,0.3035714285714285,0.0,0.0,0.9875,0.2318840579710145,0.0,0
1327,0.1964285714285714,1.0,2.0,0.4625,0.0434782608695652,1.0,0
1328,0.4642857142857142,0.0,1.0,0.775,0.0434782608695652,1.0,0
1329,1.0,1.0,1.0,0.65,0.3623188405797101,1.0,0
1330,0.7857142857142858,0.0,1.0,0.75,0.1739130434782608,1.0,0
1331,0.2321428571428571,1.0,2.0,0.5125000000000001,0.1304347826086956,1.0,0
1332,0.5357142857142858,1.0,2.0,0.7125,0.3623188405797101,1.0,1
1333,0.4642857142857142,0.0,1.0,0.025,0.6086956521739131,1.0,1
1334,0.7857142857142858,0.0,0.0,0.7250000000000001,0.2753623188405797,0.0,1
1335,0.7857142857142858,1.0,0.0,0.1375,0.3623188405797101,0.0,1
1336,0.3035714285714285,1.0,0.0,0.75,1.0,1.0,1
1337,0.8035714285714286,1.0,0.0,0.9125,0.8260869565217391,0.0,1
1338,0.4642857142857142,1.0,2.0,0.025,0.4202898550724637,0.0,1
1339,0.3749999999999999,1.0,1.0,0.175,0.8840579710144928,1.0,1
1340,0.9464285714285714,1.0,0.0,0.0875,0.9710144927536232,0.0,1
1341,0.4107142857142857,0.0,2.0,0.4625,0.9710144927536232,1.0,1
1342,0.0892857142857143,1.0,2.0,0.7375,0.8695652173913044,1.0,1
1343,0.6785714285714286,1.0,2.0,0.625,0.5362318840579711,1.0,1
1344,0.0357142857142857,1.0,1.0,0.7000000000000001,0.0144927536231884,1.0,1
1345,0.0535714285714286,1.0,1.0,0.4375,0.2028985507246376,1.0,1
1346,0.3749999999999999,0.0,0.0,0.3625,0.8695652173913044,1.0,1
1347,0.0357142857142857,1.0,0.0,0.7375,0.5072463768115942,1.0,1
1348,0.9107142857142858,1.0,1.0,0.25,0.3043478260869565,1.0,1
1349,0.2321428571428571,1.0,0.0,0.6125,0.5652173913043479,1.0,1
1350,0.75,0.0,0.0,0.4875,0.7536231884057971,1.0,1
1351,0.9464285714285714,0.0,0.0,0.05,0.0144927536231884,1.0,1
1352,0.0,0.0,1.0,0.0,0.463768115942029,1.0,1
1353,0.4285714285714285,0.0,0.0,0.975,0.0,1.0,1
1354,0.5357142857142858,0.0,1.0,0.8625,0.4202898550724637,1.0,1
1355,0.3035714285714285,0.0,1.0,0.1124999999999999,0.5217391304347827,0.0,1
1356,0.5357142857142858,1.0,2.0,0.7375,0.6666666666666667,0.0,1
1357,0.6428571428571428,0.0,1.0,0.4625,0.1884057971014492,0.0,1
1358,0.6607142857142858,0.0,0.0,0.975,0.5942028985507247,1.0,1
1359,0.9107142857142858,0.0,1.0,0.8375000000000001,0.6666666666666667,0.0,1
1360,0.4999999999999999,1.0,2.0,0.275,0.9710144927536232,1.0,1
1361,0.9642857142857144,1.0,2.0,0.975,0.8260869565217391,0.0,1
1362,0.8214285714285714,1.0,0.0,0.025,0.0144927536231884,0.0,1
1363,0.6785714285714286,1.0,0.0,0.4875,0.5362318840579711,0.0,1
1364,0.5535714285714286,1.0,2.0,0.325,0.782608695652174,1.0,1
1365,0.2857142857142857,0.0,2.0,0.9875,0.3188405797101449,0.0,1
1366,0.3035714285714285,1.0,1.0,0.75,0.0869565217391304,0.0,1
1367,0.125,1.0,2.0,0.0,0.5217391304347827,0.0,1
1368,0.3571428571428571,1.0,2.0,0.45,0.7246376811594204,0.0,1
1369,0.6607142857142858,0.0,0.0,0.0875,0.782608695652174,1.0,1
1370,0.75,0.0,0.0,0.7625000000000001,0.4927536231884058,1.0,1
1371,0.5714285714285714,1.0,2.0,0.2875,0.855072463768116,0.0,1
1372,0.3035714285714285,1.0,1.0,0.4375,0.1594202898550724,1.0,1
1373,0.8571428571428572,0.0,0.0,0.1,0.0289855072463768,0.0,1
1374,0.4642857142857142,1.0,1.0,0.7875000000000001,0.2028985507246376,0.0,1
1375,0.0,0.0,1.0,0.975,0.0144927536231884,0.0,1
1376,0.0714285714285714,1.0,2.0,0.9375,0.6376811594202899,1.0,1
1377,0.1607142857142857,0.0,1.0,0.275,0.4492753623188406,0.0,1
1378,0.0,0.0,2.0,0.6000000000000001,0.1884057971014492,1.0,1
1379,0.9821428571428572,1.0,1.0,0.9375,0.2318840579710145,1.0,1
1380,0.2142857142857142,1.0,0.0,0.275,0.5362318840579711,0.0,1
1381,0.6785714285714286,0.0,2.0,0.8125,0.4492753623188406,0.0,1
1382,0.6428571428571428,0.0,1.0,0.975,0.463768115942029,0.0,1
1383,0.5714285714285714,1.0,0.0,0.775,0.391304347826087,0.0,1
1384,0.5892857142857142,1.0,0.0,0.025,0.4347826086956521,1.0,1
1385,0.75,0.0,1.0,0.525,0.144927536231884,0.0,1
1386,0.6428571428571428,1.0,1.0,0.0875,0.072463768115942,1.0,1
1387,0.25,0.0,0.0,0.2875,0.5797101449275363,1.0,1
1388,0.1607142857142857,1.0,1.0,0.125,0.5072463768115942,0.0,1
1389,0.3214285714285714,1.0,0.0,0.7875000000000001,0.2898550724637681,0.0,1
1390,0.7142857142857144,0.0,2.0,0.5375000000000001,0.0,1.0,1
1391,0.5892857142857142,0.0,0.0,0.6625000000000001,0.4782608695652174,0.0,1
1392,0.0714285714285714,0.0,1.0,0.0625,0.2753623188405797,0.0,1
1393,0.2321428571428571,1.0,2.0,0.925,0.2028985507246376,1.0,1
1394,0.7321428571428572,0.0,1.0,0.175,0.7681159420289856,0.0,1
1395,0.2857142857142857,1.0,0.0,0.35,0.5072463768115942,0.0,1
1396,0.9285714285714286,0.0,0.0,0.6000000000000001,0.3623188405797101,0.0,1
1397,0.1964285714285714,0.0,2.0,0.8875,0.7101449275362319,1.0,1
1398,0.9642857142857144,0.0,1.0,0.8125,0.5652173913043479,1.0,1
1399,0.3035714285714285,0.0,0.0,0.475,0.5072463768115942,1.0,1
1400,0.3214285714285714,1.0,2.0,0.675,1.0,1.0,1
1401,0.0,1.0,1.0,0.1375,0.9855072463768116,0.0,1
1402,0.1071428571428571,0.0,2.0,0.2,0.1884057971014492,0.0,1
1403,0.6785714285714286,1.0,2.0,0.9375,0.0144927536231884,0.0,1
1404,0.9107142857142858,0.0,0.0,0.675,0.2318840579710145,0.0,1
1405,0.9821428571428572,0.0,2.0,0.9875,0.7536231884057971,1.0,1
1406,0.1964285714285714,1.0,1.0,0.1,0.6231884057971016,1.0,1
1407,0.8928571428571428,1.0,2.0,0.8375000000000001,0.9420289855072465,0.0,1
1408,0.5178571428571428,0.0,1.0,0.2125,0.8115942028985508,0.0,1
1409,0.2857142857142857,1.0,1.0,0.3,0.8840579710144928,0.0,1
1410,0.6607142857142858,0.0,2.0,0.0875,0.7971014492753624,0.0,1
1411,0.2857142857142857,1.0,1.0,0.275,0.4057971014492753,1.0,1
1412,0.6964285714285714,1.0,2.0,0.4625,0.2608695652173913,1.0,1
1413,0.0357142857142857,0.0,1.0,0.7000000000000001,0.0579710144927536,0.0,1
1414,0.3392857142857142,1.0,0.0,0.075,1.0,0.0,1
1415,0.4821428571428571,1.0,0.0,0.075,0.6811594202898551,1.0,1
1416,0.6607142857142858,1.0,2.0,0.9125,0.2608695652173913,1.0,1
1417,0.4821428571428571,1.0,2.0,0.125,0.7101449275362319,1.0,1
1418,0.3214285714285714,1.0,2.0,0.6625000000000001,0.0,0.0,1
1419,0.8214285714285714,0.0,1.0,0.6875,0.1884057971014492,0.0,1
1420,0.2321428571428571,1.0,2.0,0.45,0.1014492753623188,0.0,1
1421,0.6785714285714286,0.0,2.0,0.4875,0.0144927536231884,0.0,1
1422,0.0892857142857143,0.0,1.0,0.8625,0.5797101449275363,1.0,1
1423,0.1071428571428571,0.0,0.0,0.6375000000000001,0.4782608695652174,1.0,1
1424,0.6428571428571428,1.0,2.0,0.4875,1.0,1.0,1
1425,0.6785714285714286,0.0,2.0,0.2625,0.2608695652173913,0.0,1
1426,0.4999999999999999,1.0,1.0,0.775,0.2753623188405797,1.0,1
1427,0.0714285714285714,1.0,1.0,0.3375,0.3188405797101449,1.0,1
1428,0.8392857142857144,1.0,2.0,0.1,0.8115942028985508,1.0,1
1429,0.2321428571428571,1.0,2.0,0.1625,0.8840579710144928,0.0,1
1430,0.8214285714285714,0.0,0.0,0.0375,0.144927536231884,1.0,1
1431,0.6785714285714286,0.0,1.0,0.3625,0.5652173913043479,0.0,1
1432,0.1607142857142857,0.0,2.0,0.4375,0.1739130434782608,0.0,1
1433,0.9821428571428572,0.0,2.0,0.9375,0.5362318840579711,0.0,1
1434,0.3214285714285714,1.0,2.0,0.5750000000000001,0.144927536231884,0.0,1
1435,0.2857142857142857,1.0,1.0,0.1875,0.5652173913043479,0.0,1
1436,0.7142857142857144,0.0,2.0,0.2125,0.1304347826086956,1.0,1
1437,0.3571428571428571,0.0,0.0,0.925,0.0579710144927536,1.0,1
1438,0.9821428571428572,0.0,0.0,0.05,0.5652173913043479,1.0,1
1439,0.1964285714285714,0.0,1.0,0.0,0.7971014492753624,0.0,1
1440,0.3392857142857142,1.0,2.0,0.125,0.6521739130434783,1.0,1
1441,0.4285714285714285,0.0,1.0,0.1,0.4202898550724637,0.0,1
1442,0.7857142857142858,1.0,2.0,0.675,0.1014492753623188,0.0,1
1443,0.0714285714285714,0.0,2.0,0.4625,0.7536231884057971,1.0,1
1444,0.4285714285714285,0.0,2.0,0.8875,0.3043478260869565,0.0,1
1445,0.7857142857142858,1.0,0.0,0.375,0.7391304347826088,0.0,1
1446,0.5357142857142858,0.0,2.0,0.0875,0.8695652173913044,0.0,1
1447,0.1785714285714285,1.0,2.0,0.7375,0.072463768115942,0.0,1
1448,0.7321428571428572,1.0,1.0,0.1875,0.1594202898550724,0.0,1
1449,0.4642857142857142,0.0,1.0,0.75,0.7246376811594204,1.0,1
1450,0.8035714285714286,0.0,1.0,0.3625,0.7391304347826088,1.0,1
1451,0.3035714285714285,1.0,0.0,0.9875,0.3623188405797101,0.0,1
1452,0.6428571428571428,1.0,1.0,0.6625000000000001,0.4782608695652174,1.0,1
1453,0.1428571428571428,0.0,2.0,0.5125000000000001,0.7391304347826088,0.0,1
1454,0.1785714285714285,0.0,0.0,0.35,0.5507246376811594,0.0,1
1455,0.0714285714285714,1.0,0.0,0.9375,0.0144927536231884,1.0,1
1456,0.4285714285714285,1.0,2.0,1.0,0.7246376811594204,1.0,1
1457,0.8035714285714286,0.0,1.0,0.95,0.3333333333333333,0.0,1
1458,0.7857142857142858,1.0,2.0,0.5125000000000001,0.5797101449275363,0.0,1
1459,0.625,1.0,1.0,0.8375000000000001,0.144927536231884,0.0,1
1460,0.9107142857142858,0.0,1.0,0.35,0.6521739130434783,1.0,1
1461,0.1071428571428571,0.0,0.0,0.975,0.8260869565217391,1.0,1
1462,0.3392857142857142,1.0,0.0,0.325,0.2463768115942028,0.0,1
1463,0.75,0.0,2.0,0.3625,0.7681159420289856,1.0,1
1464,0.7321428571428572,0.0,1.0,0.1875,0.7681159420289856,1.0,1
1465,0.3571428571428571,1.0,1.0,0.375,0.5652173913043479,0.0,1
1466,0.1964285714285714,1.0,0.0,0.0125,0.0579710144927536,0.0,1
1467,0.5178571428571428,1.0,2.0,1.0,0.1884057971014492,1.0,1
1468,0.0357142857142857,1.0,1.0,0.275,0.4347826086956521,1.0,1
1469,0.5178571428571428,0.0,1.0,0.05,0.4057971014492753,1.0,1
1470,0.1428571428571428,0.0,0.0,0.6125,0.463768115942029,0.0,1
1471,0.3035714285714285,0.0,2.0,0.3375,0.7536231884057971,0.0,1
1472,0.25,0.0,1.0,0.225,0.6376811594202899,1.0,1
1473,0.1785714285714285,0.0,0.0,0.6625000000000001,0.0579710144927536,1.0,1
1474,0.125,1.0,1.0,0.975,1.0,1.0,1
1475,0.3749999999999999,1.0,1.0,0.8375000000000001,0.8985507246376813,0.0,1
1476,0.2857142857142857,0.0,0.0,0.8500000000000001,0.1594202898550724,1.0,1
1477,0.4285714285714285,0.0,0.0,0.4,0.463768115942029,0.0,1
1478,0.0535714285714286,0.0,1.0,0.65,0.6376811594202899,0.0,1
1479,1.0,1.0,2.0,0.1875,0.3043478260869565,0.0,1
1480,0.4642857142857142,1.0,0.0,0.675,0.1594202898550724,1.0,1
1481,0.9642857142857144,0.0,0.0,0.2375,0.3333333333333333,1.0,1
1482,0.8214285714285714,0.0,1.0,0.525,0.6521739130434783,1.0,1
1483,0.8571428571428572,1.0,0.0,0.975,0.6811594202898551,0.0,1
1484,0.3035714285714285,1.0,2.0,0.45,0.7391304347826088,1.0,1
1485,0.3571428571428571,0.0,2.0,0.775,0.2608695652173913,1.0,1
1486,0.25,1.0,1.0,0.1375,0.9710144927536232,0.0,1
1487,0.25,0.0,2.0,0.2875,0.7971014492753624,0.0,1
1488,0.3928571428571428,0.0,2.0,0.1375,0.1014492753623188,1.0,1
1489,0.1785714285714285,0.0,1.0,0.875,0.1884057971014492,1.0,1
1490,0.7142857142857144,0.0,1.0,0.225,0.4202898550724637,0.0,1
1491,0.4285714285714285,0.0,0.0,0.375,0.4347826086956521,0.0,1
1492,0.1964285714285714,1.0,1.0,0.9375,0.0869565217391304,1.0,1
1493,0.7321428571428572,0.0,2.0,1.0,0.391304347826087,1.0,1
1494,0.1428571428571428,1.0,2.0,0.525,0.1594202898550724,0.0,1
1495,0.875,0.0,2.0,0.6875,0.3188405797101449,1.0,1
1496,0.2678571428571428,1.0,1.0,0.6125,0.072463768115942,0.0,1
1497,0.2678571428571428,0.0,2.0,0.775,0.1159420289855072,0.0,1
1498,0.5357142857142858,0.0,1.0,0.925,0.4202898550724637,1.0,1
1499,0.7678571428571428,0.0,2.0,0.9375,0.7971014492753624,0.0,1
1500,0.4285714285714285,0.0,0.0,0.8375000000000001,0.2608695652173913,1.0,1
1501,0.8214285714285714,1.0,1.0,0.9375,0.4927536231884058,0.0,1
1502,0.1071428571428571,0.0,2.0,0.45,0.8405797101449276,1.0,1
1503,0.7678571428571428,1.0,0.0,0.45,0.4347826086956521,1.0,1
1504,0.0178571428571428,0.0,0.0,0.1375,0.5797101449275363,0.0,1
1505,0.6964285714285714,0.0,1.0,0.875,0.2898550724637681,1.0,1
1506,0.7678571428571428,1.0,2.0,0.825,0.9855072463768116,0.0,1
1507,0.0178571428571428,0.0,1.0,0.55,0.1014492753623188,0.0,1
1508,0.4821428571428571,0.0,0.0,0.3,0.1014492753623188,0.0,1
1509,0.3571428571428571,1.0,0.0,0.975,0.8405797101449276,0.0,1
1510,0.1785714285714285,0.0,2.0,0.6125,0.3623188405797101,1.0,1
1511,0.5357142857142858,1.0,2.0,0.2375,0.9565217391304348,0.0,1
1512,0.8214285714285714,1.0,0.0,0.825,0.8840579710144928,0.0,1
1513,0.9285714285714286,0.0,0.0,0.4,0.463768115942029,1.0,1
1514,0.7678571428571428,0.0,1.0,0.475,0.391304347826087,1.0,1
1515,0.3928571428571428,0.0,1.0,0.425,0.7681159420289856,1.0,1
1516,0.7678571428571428,0.0,0.0,0.1124999999999999,0.3188405797101449,1.0,1
1517,0.875,1.0,0.0,0.0125,0.0434782608695652,0.0,1
1518,0.625,1.0,2.0,0.5375000000000001,0.2608695652173913,1.0,1
1519,0.5178571428571428,1.0,1.0,0.5,0.0289855072463768,0.0,1
1520,0.7678571428571428,1.0,2.0,0.5125000000000001,0.6231884057971016,0.0,1
1521,0.2678571428571428,0.0,0.0,0.3,0.7971014492753624,1.0,1
1522,0.7678571428571428,0.0,0.0,0.3625,0.8260869565217391,0.0,1
1523,0.9285714285714286,1.0,1.0,0.15,0.1014492753623188,1.0,1
1524,0.7857142857142858,0.0,2.0,0.8125,0.2028985507246376,0.0,1
1525,0.0892857142857143,0.0,1.0,0.775,0.8840579710144928,0.0,1
1526,0.5892857142857142,1.0,0.0,0.8625,0.7681159420289856,0.0,1
1527,0.4285714285714285,0.0,0.0,0.025,0.7536231884057971,1.0,1
1528,0.0892857142857143,0.0,1.0,0.375,0.3188405797101449,1.0,1
1529,0.0357142857142857,1.0,1.0,0.15,0.463768115942029,1.0,1
1530,0.3749999999999999,1.0,0.0,0.6125,0.217391304347826,0.0,1
1531,0.0178571428571428,0.0,0.0,0.8375000000000001,0.391304347826087,0.0,1
1532,0.4285714285714285,0.0,2.0,0.925,0.9565217391304348,0.0,1
1533,0.1428571428571428,1.0,0.0,0.4125,0.3623188405797101,0.0,1
1534,0.5714285714285714,1.0,2.0,0.3125,0.1739130434782608,1.0,1
1535,0.4642857142857142,0.0,2.0,0.1375,0.5797101449275363,1.0,1
1536,0.4999999999999999,1.0,1.0,0.4875,0.1739130434782608,1.0,1
1537,0.6428571428571428,0.0,0.0,0.6375000000000001,0.8115942028985508,0.0,1
1538,0.4107142857142857,1.0,1.0,0.9375,0.6231884057971016,1.0,1
1539,0.1607142857142857,0.0,1.0,0.0125,0.0,1.0,1
1540,0.4999999999999999,0.0,1.0,0.975,0.8405797101449276,0.0,1
1541,0.4107142857142857,1.0,1.0,0.4,0.9710144927536232,1.0,1
1542,0.8214285714285714,0.0,0.0,0.65,0.7246376811594204,0.0,1
1543,0.1607142857142857,0.0,1.0,0.325,0.0579710144927536,1.0,1
1544,0.7142857142857144,0.0,1.0,0.6625000000000001,0.1304347826086956,1.0,1
1545,0.3392857142857142,1.0,0.0,0.7375,0.0144927536231884,0.0,1
1546,0.6428571428571428,1.0,2.0,0.8875,0.2028985507246376,1.0,1
1547,0.3928571428571428,1.0,2.0,0.4375,0.3333333333333333,0.0,1
1548,0.125,1.0,0.0,0.775,0.6811594202898551,0.0,1
1549,0.8035714285714286,1.0,0.0,0.6125,0.6956521739130436,1.0,1
1550,0.7678571428571428,0.0,0.0,0.1375,0.6376811594202899,1.0,1
1551,0.1071428571428571,1.0,1.0,0.925,0.4202898550724637,0.0,1
1552,0.1071428571428571,1.0,2.0,0.9875,0.9130434782608696,0.0,1
1553,0.3035714285714285,0.0,1.0,0.5625,0.4202898550724637,1.0,1
1554,0.1785714285714285,1.0,1.0,0.3125,0.6811594202898551,0.0,1
1555,0.5535714285714286,1.0,2.0,0.2625,0.5797101449275363,1.0,1
1556,0.3035714285714285,0.0,0.0,0.1124999999999999,0.7391304347826088,0.0,1
1557,0.5178571428571428,1.0,2.0,0.1,0.2898550724637681,0.0,1
1558,0.9642857142857144,1.0,1.0,0.4,0.9420289855072465,1.0,1
1559,0.2142857142857142,0.0,2.0,0.2375,0.3188405797101449,1.0,1
1560,0.2142857142857142,1.0,1.0,0.375,0.5797101449275363,0.0,1
1561,0.7142857142857144,1.0,1.0,0.175,0.3623188405797101,1.0,1
1562,0.3749999999999999,1.0,1.0,0.6625000000000001,0.5507246376811594,0.0,1
1563,0.5714285714285714,1.0,0.0,0.3375,0.7391304347826088,1.0,1
1564,0.3392857142857142,1.0,2.0,0.075,0.5362318840579711,0.0,1
1565,0.9642857142857144,0.0,2.0,0.8,0.8840579710144928,1.0,1
1566,0.5357142857142858,0.0,2.0,0.1875,0.2463768115942028,0.0,1
1567,0.6428571428571428,1.0,0.0,0.6000000000000001,0.6666666666666667,1.0,1
1568,0.3928571428571428,0.0,0.0,0.075,0.5072463768115942,1.0,1
1569,0.4821428571428571,0.0,0.0,0.1625,0.0,0.0,1
1570,0.0357142857142857,0.0,0.0,0.6875,0.7391304347826088,0.0,1
1571,0.2142857142857142,0.0,2.0,0.5375000000000001,0.9420289855072465,1.0,1
1572,0.3749999999999999,0.0,2.0,0.625,0.4202898550724637,0.0,1
1573,0.7142857142857144,0.0,2.0,0.075,0.6376811594202899,1.0,1
1574,0.2142857142857142,0.0,1.0,0.1375,0.391304347826087,0.0,1
1575,0.8571428571428572,0.0,1.0,0.525,0.217391304347826,0.0,1
1576,0.7678571428571428,1.0,1.0,0.95,0.3623188405797101,1.0,1
1577,0.8928571428571428,0.0,2.0,0.425,0.3623188405797101,1.0,1
1578,0.7678571428571428,1.0,1.0,0.75,0.072463768115942,0.0,1
1579,0.5535714285714286,1.0,0.0,0.9375,0.2608695652173913,0.0,1
1580,0.1428571428571428,0.0,2.0,0.15,0.9710144927536232,1.0,1
1581,0.2678571428571428,0.0,2.0,0.3625,0.1594202898550724,1.0,1
1582,0.875,0.0,1.0,0.0,0.6231884057971016,1.0,1
1583,0.8392857142857144,1.0,2.0,0.2625,0.9565217391304348,1.0,1
1584,0.5357142857142858,0.0,2.0,0.5125000000000001,0.3333333333333333,1.0,1
1585,0.6607142857142858,1.0,0.0,0.0125,0.5797101449275363,0.0,1
1586,0.5892857142857142,0.0,0.0,0.4375,0.3623188405797101,1.0,1
1587,0.75,0.0,2.0,0.45,0.0144927536231884,0.0,1
1588,0.0892857142857143,1.0,0.0,0.2375,0.3478260869565217,1.0,1
1589,0.8392857142857144,1.0,2.0,0.1625,0.7391304347826088,0.0,1
1590,0.3214285714285714,1.0,2.0,0.5,0.5507246376811594,0.0,1
1591,0.3035714285714285,0.0,1.0,0.825,0.6521739130434783,0.0,1
1592,0.8035714285714286,0.0,0.0,0.9875,0.927536231884058,1.0,1
1593,0.4642857142857142,0.0,1.0,0.0875,0.7971014492753624,0.0,1
1594,0.7142857142857144,0.0,0.0,0.8375000000000001,0.6666666666666667,1.0,1
1595,0.2678571428571428,1.0,1.0,0.6125,0.6521739130434783,0.0,1
1596,0.7321428571428572,0.0,0.0,0.4125,0.463768115942029,0.0,1
1597,0.0357142857142857,1.0,1.0,0.225,0.072463768115942,0.0,1
1598,0.9464285714285714,1.0,2.0,0.7375,0.6666666666666667,1.0,1
1599,0.5357142857142858,0.0,2.0,0.625,0.2753623188405797,0.0,1
1600,0.2678571428571428,1.0,1.0,0.025,0.9855072463768116,0.0,1
1601,0.625,1.0,1.0,0.25,0.927536231884058,1.0,1
1602,0.625,0.0,1.0,0.75,0.7101449275362319,0.0,1
1603,0.5535714285714286,0.0,2.0,0.0,0.8405797101449276,0.0,1
1604,0.8928571428571428,0.0,0.0,0.1875,0.1739130434782608,0.0,1
1605,0.0714285714285714,0.0,1.0,0.225,0.9565217391304348,0.0,1
1606,0.875,1.0,1.0,0.4875,0.3623188405797101,1.0,1
1607,0.7857142857142858,0.0,0.0,0.45,0.6666666666666667,1.0,1
1608,0.1785714285714285,0.0,2.0,0.475,0.4492753623188406,1.0,1
1609,0.625,1.0,2.0,0.875,0.8840579710144928,0.0,1
1610,0.9821428571428572,1.0,1.0,0.8375000000000001,0.8840579710144928,1.0,1
1611,0.6785714285714286,1.0,2.0,0.275,0.1159420289855072,0.0,1
1612,0.2678571428571428,1.0,2.0,0.0,0.927536231884058,1.0,1
1613,0.8928571428571428,1.0,0.0,0.475,0.6956521739130436,0.0,1
1614,0.4107142857142857,0.0,2.0,0.75,0.0579710144927536,0.0,1
1615,0.5714285714285714,0.0,0.0,0.9625,0.4347826086956521,1.0,1
1616,0.4285714285714285,1.0,2.0,0.7875000000000001,0.1014492753623188,0.0,1
1617,0.4999999999999999,1.0,2.0,0.4375,0.2318840579710145,1.0,1
1618,0.125,0.0,2.0,0.075,0.0289855072463768,1.0,1
1619,0.4821428571428571,1.0,2.0,0.05,0.5217391304347827,1.0,1
1620,0.9642857142857144,1.0,0.0,0.5750000000000001,0.9420289855072465,0.0,1
1621,0.8392857142857144,1.0,2.0,0.65,0.3623188405797101,0.0,1
1622,0.9285714285714286,0.0,2.0,0.9875,0.0289855072463768,0.0,1
1623,0.4821428571428571,1.0,0.0,0.45,0.4347826086956521,0.0,1
1624,0.7678571428571428,0.0,2.0,0.175,0.4057971014492753,0.0,1
1625,0.0714285714285714,1.0,2.0,0.0875,0.4492753623188406,0.0,1
1626,0.625,1.0,0.0,0.325,0.5507246376811594,1.0,1
1627,0.1428571428571428,0.0,1.0,0.5875,0.2753623188405797,1.0,1
1628,0.1785714285714285,1.0,2.0,0.8375000000000001,0.6376811594202899,0.0,1
1629,0.3749999999999999,1.0,0.0,0.025,0.463768115942029,0.0,1
1630,0.8214285714285714,1.0,0.0,0.5375000000000001,0.0,0.0,1
1631,0.6607142857142858,1.0,2.0,0.825,0.4927536231884058,1.0,1
1632,0.2142857142857142,0.0,1.0,0.0625,0.8695652173913044,0.0,1
1633,0.5714285714285714,1.0,2.0,0.275,0.9710144927536232,0.0,1
1634,1.0,0.0,2.0,0.5625,0.6666666666666667,1.0,1
1635,0.9821428571428572,1.0,1.0,0.1875,0.4057971014492753,0.0,1
1636,0.75,0.0,1.0,0.9000000000000001,0.5507246376811594,1.0,1
1637,0.8214285714285714,0.0,2.0,0.975,0.0144927536231884,1.0,1
1638,0.1607142857142857,1.0,2.0,0.375,0.9565217391304348,0.0,1
1639,0.7678571428571428,0.0,2.0,0.7000000000000001,0.9855072463768116,0.0,1
1640,0.75,1.0,1.0,0.6000000000000001,0.2753623188405797,1.0,1
1641,0.0892857142857143,1.0,0.0,0.55,0.6521739130434783,0.0,1
1642,0.8928571428571428,1.0,2.0,0.7875000000000001,0.217391304347826,0.0,1
1643,0.4285714285714285,0.0,0.0,0.675,0.1739130434782608,0.0,1
1644,0.1607142857142857,0.0,2.0,0.825,0.1594202898550724,1.0,1
1645,0.9821428571428572,0.0,2.0,0.7875000000000001,0.6086956521739131,0.0,1
1646,0.4107142857142857,1.0,2.0,0.425,0.3188405797101449,1.0,1
1647,0.9642857142857144,1.0,1.0,0.425,0.4492753623188406,0.0,1
1648,0.9107142857142858,0.0,2.0,0.9875,0.2608695652173913,1.0,1
1649,0.1428571428571428,0.0,1.0,0.475,0.3188405797101449,1.0,1
1650,0.4285714285714285,1.0,2.0,0.6375000000000001,0.8260869565217391,1.0,1
1651,0.9642857142857144,0.0,0.0,0.2125,0.9855072463768116,0.0,1
1652,0.8035714285714286,0.0,0.0,0.75,0.391304347826087,0.0,1
1653,0.9285714285714286,1.0,2.0,0.0625,0.0579710144927536,0.0,1
1654,0.5357142857142858,0.0,0.0,0.1124999999999999,0.4202898550724637,1.0,1
1655,0.4999999999999999,1.0,0.0,0.8875,0.7391304347826088,1.0,1
1656,0.875,0.0,2.0,0.525,0.9710144927536232,0.0,1
1657,0.6071428571428572,1.0,1.0,0.6625000000000001,0.7101449275362319,1.0,1
1658,0.875,0.0,1.0,0.05,0.2608695652173913,1.0,1
1659,0.8571428571428572,0.0,1.0,0.7625000000000001,0.9130434782608696,0.0,1
1660,0.4107142857142857,0.0,2.0,0.6375000000000001,0.0144927536231884,1.0,1
1661,0.8214285714285714,0.0,0.0,0.4,0.9710144927536232,1.0,1
1662,0.1071428571428571,0.0,0.0,0.5,0.2463768115942028,0.0,1
1663,0.6607142857142858,1.0,0.0,0.3375,0.7536231884057971,0.0,1
1664,0.3749999999999999,1.0,0.0,0.6625000000000001,1.0,1.0,1
1665,0.0357142857142857,1.0,1.0,0.025,0.5217391304347827,0.0,1
1666,0.3214285714285714,1.0,1.0,0.4,0.2318840579710145,1.0,2
1667,0.2678571428571428,1.0,0.0,0.975,0.8405797101449276,0.0,2
1668,0.5892857142857142,0.0,2.0,0.8125,0.855072463768116,0.0,2
1669,0.3749999999999999,1.0,0.0,0.75,0.6811594202898551,0.0,2
1670,0.2678571428571428,0.0,2.0,0.4,0.4057971014492753,1.0,2
1671,0.3214285714285714,0.0,1.0,1.0,0.9565217391304348,1.0,2
1672,0.0178571428571428,0.0,2.0,0.4375,0.9855072463768116,1.0,2
1673,0.1071428571428571,0.0,0.0,0.425,0.2028985507246376,1.0,2
1674,0.8214285714285714,1.0,2.0,0.6625000000000001,0.0434782608695652,0.0,2
1675,0.8928571428571428,1.0,2.0,0.925,0.3623188405797101,0.0,2
1676,0.8571428571428572,1.0,0.0,0.4875,0.2028985507246376,0.0,2
1677,0.8035714285714286,1.0,0.0,0.5375000000000001,0.4347826086956521,0.0,2
1678,0.1071428571428571,1.0,0.0,0.8875,0.391304347826087,0.0,2
1679,0.125,0.0,2.0,0.8875,0.2753623188405797,1.0,2
1680,0.5535714285714286,0.0,0.0,0.5125000000000001,0.0869565217391304,1.0,2
1681,0.8214285714285714,0.0,0.0,0.35,0.4202898550724637,1.0,2
1682,0.0357142857142857,0.0,2.0,0.1375,0.4492753623188406,1.0,2
1683,0.3571428571428571,1.0,2.0,0.375,0.9855072463768116,1.0,2
1684,0.5535714285714286,0.0,1.0,0.2625,0.4927536231884058,1.0,2
1685,0.4464285714285714,0.0,0.0,0.025,0.3188405797101449,0.0,2
1686,0.6607142857142858,0.0,1.0,0.5375000000000001,0.8840579710144928,1.0,2
1687,0.0178571428571428,1.0,0.0,0.4,0.4057971014492753,1.0,2
1688,0.3749999999999999,0.0,2.0,0.1875,0.7101449275362319,1.0,2
1689,0.9821428571428572,0.0,1.0,0.225,0.072463768115942,1.0,2
1690,0.8214285714285714,1.0,0.0,0.075,0.7681159420289856,1.0,2
1691,0.2678571428571428,0.0,1.0,0.0875,0.5362318840579711,1.0,2
1692,0.6785714285714286,0.0,1.0,0.5,0.4492753623188406,0.0,2
1693,0.8035714285714286,0.0,2.0,0.95,0.7536231884057971,0.0,2
1694,0.1964285714285714,0.0,1.0,0.175,0.1014492753623188,1.0,2
1695,0.9821428571428572,0.0,0.0,0.7375,0.6956521739130436,0.0,2
1696,0.3035714285714285,0.0,1.0,0.025,0.0434782608695652,1.0,2
1697,0.8214285714285714,1.0,0.0,0.275,0.072463768115942,0.0,2
1698,0.5357142857142858,1.0,2.0,0.4125,0.0434782608695652,1.0,2
1699,0.8035714285714286,1.0,0.0,0.5375000000000001,0.8115942028985508,0.0,2
1700,0.4999999999999999,1.0,1.0,0.3125,0.8405797101449276,0.0,2
1701,0.2142857142857142,1.0,0.0,0.975,0.0144927536231884,1.0,2
1702,0.625,0.0,1.0,0.475,0.2318840579710145,0.0,2
1703,0.4821428571428571,1.0,0.0,0.95,0.3043478260869565,0.0,2
1704,0.9821428571428572,0.0,0.0,0.9000000000000001,0.3768115942028985,1.0,2
1705,0.4999999999999999,1.0,2.0,0.4125,0.8840579710144928,1.0,2
1706,0.5357142857142858,1.0,2.0,0.05,0.9710144927536232,1.0,2
1707,0.0535714285714286,0.0,2.0,0.0,0.2028985507246376,1.0,2
1708,0.0178571428571428,1.0,0.0,0.225,0.5072463768115942,1.0,2
1709,0.4642857142857142,0.0,2.0,0.5750000000000001,0.3333333333333333,1.0,2
1710,0.1964285714285714,0.0,1.0,0.3375,0.782608695652174,0.0,2
1711,0.1964285714285714,1.0,0.0,0.3875,0.5797101449275363,1.0,2
1712,0.8928571428571428,0.0,2.0,0.325,0.2028985507246376,0.0,2
1713,0.9285714285714286,1.0,2.0,0.25,0.5652173913043479,1.0,2
1714,0.4642857142857142,0.0,2.0,0.45,0.9855072463768116,1.0,2
1715,0.25,0.0,2.0,0.375,0.5942028985507247,1.0,2
1716,0.5357142857142858,0.0,2.0,0.175,0.2318840579710145,1.0,2
1717,0.5892857142857142,0.0,2.0,0.7250000000000001,0.2608695652173913,0.0,2
1718,0.9821428571428572,1.0,0.0,0.0125,0.6086956521739131,1.0,2
1719,0.2678571428571428,1.0,0.0,0.975,0.0434782608695652,0.0,2
1720,0.5892857142857142,1.0,2.0,0.7625000000000001,0.927536231884058,1.0,2
1721,0.5892857142857142,1.0,1.0,0.25,0.5652173913043479,1.0,2
1722,0.3035714285714285,1.0,2.0,0.3125,0.6666666666666667,1.0,2
1723,0.875,1.0,1.0,0.1625,0.5217391304347827,0.0,2
1724,0.1964285714285714,1.0,1.0,0.6875,0.391304347826087,0.0,2
1725,0.6785714285714286,0.0,2.0,0.25,0.6956521739130436,1.0,2
1726,0.0,0.0,0.0,0.775,0.5797101449275363,1.0,2
1727,0.0535714285714286,1.0,2.0,0.625,0.072463768115942,0.0,2
1728,0.5714285714285714,0.0,0.0,0.7125,0.391304347826087,0.0,2
1729,0.6071428571428572,1.0,1.0,0.075,0.1159420289855072,1.0,2
1730,0.1785714285714285,1.0,2.0,0.15,0.9855072463768116,0.0,2
1731,0.2142857142857142,0.0,2.0,0.5125000000000001,1.0,0.0,2
1732,0.75,1.0,1.0,0.65,0.3478260869565217,1.0,2
1733,0.9821428571428572,0.0,0.0,0.7375,0.4347826086956521,0.0,2
1734,0.2142857142857142,0.0,2.0,0.0125,0.5507246376811594,1.0,2
1735,0.0,0.0,0.0,0.35,0.2753623188405797,1.0,2
1736,0.125,0.0,0.0,0.0875,0.0869565217391304,0.0,2
1737,0.2678571428571428,1.0,2.0,0.1875,0.6376811594202899,0.0,2
1738,0.9642857142857144,1.0,0.0,0.4125,0.0579710144927536,0.0,2
1739,0.5357142857142858,0.0,1.0,0.5375000000000001,0.5217391304347827,0.0,2
1740,0.8571428571428572,1.0,0.0,0.9000000000000001,0.6811594202898551,0.0,2
1741,0.9642857142857144,0.0,1.0,0.2375,0.6231884057971016,0.0,2
1742,0.4642857142857142,0.0,2.0,0.1124999999999999,0.6956521739130436,1.0,2
1743,0.2857142857142857,0.0,1.0,0.7125,0.391304347826087,0.0,2
1744,0.0535714285714286,0.0,2.0,0.7125,1.0,1.0,2
1745,0.7678571428571428,1.0,0.0,0.8500000000000001,0.5652173913043479,0.0,2
1746,0.6785714285714286,0.0,0.0,0.1375,0.1304347826086956,0.0,2
1747,0.4285714285714285,0.0,0.0,0.05,0.5797101449275363,1.0,2
1748,0.8571428571428572,1.0,2.0,0.1875,0.8405797101449276,0.0,2
1749,0.7857142857142858,1.0,1.0,0.1625,0.217391304347826,0.0,2
1750,0.8571428571428572,1.0,2.0,0.2,0.3768115942028985,1.0,2
1751,0.9107142857142858,1.0,0.0,0.075,0.7536231884057971,1.0,2
1752,0.1071428571428571,0.0,2.0,0.875,0.6811594202898551,1.0,2
1753,0.6071428571428572,0.0,2.0,0.8125,0.2028985507246376,1.0,2
1754,0.4107142857142857,1.0,0.0,0.3125,0.5362318840579711,0.0,2
1755,0.3928571428571428,1.0,2.0,0.025,0.2898550724637681,1.0,2
1756,0.25,0.0,2.0,0.625,0.0579710144927536,0.0,2
1757,0.4464285714285714,0.0,2.0,0.325,0.927536231884058,0.0,2
1758,0.8035714285714286,0.0,1.0,0.4625,0.7101449275362319,1.0,2
1759,0.3214285714285714,1.0,2.0,0.6875,0.072463768115942,1.0,2
1760,0.9464285714285714,0.0,2.0,0.5125000000000001,0.2028985507246376,1.0,2
1761,0.75,1.0,0.0,0.2125,0.1739130434782608,1.0,2
1762,0.5357142857142858,0.0,0.0,0.525,0.2028985507246376,0.0,2
1763,0.3749999999999999,0.0,0.0,0.2875,0.7246376811594204,1.0,2
1764,0.1607142857142857,1.0,1.0,0.2875,0.1884057971014492,0.0,2
1765,0.4464285714285714,1.0,0.0,0.5625,0.1594202898550724,0.0,2
1766,0.6785714285714286,1.0,0.0,0.95,0.1159420289855072,0.0,2
1767,0.6607142857142858,0.0,2.0,0.6000000000000001,0.9130434782608696,0.0,2
1768,0.3392857142857142,1.0,2.0,0.5,0.0144927536231884,0.0,2
1769,0.8214285714285714,1.0,0.0,0.925,0.5072463768115942,1.0,2
1770,0.1964285714285714,1.0,0.0,0.5750000000000001,0.463768115942029,1.0,2
1771,0.8928571428571428,0.0,2.0,0.2125,0.4782608695652174,1.0,2
1772,0.6785714285714286,1.0,2.0,0.3,0.072463768115942,1.0,2
1773,0.3214285714285714,0.0,2.0,0.675,0.8260869565217391,1.0,2
1774,0.3214285714285714,1.0,0.0,0.55,0.927536231884058,1.0,2
1775,0.9821428571428572,0.0,2.0,0.5875,0.5217391304347827,0.0,2
1776,0.4821428571428571,1.0,0.0,0.0,0.5652173913043479,1.0,2
1777,0.7857142857142858,1.0,2.0,0.75,0.3768115942028985,1.0,2
1778,0.125,1.0,2.0,0.425,0.9565217391304348,0.0,2
1779,1.0,1.0,1.0,0.3375,0.6666666666666667,1.0,2
1780,0.7321428571428572,1.0,1.0,0.3375,0.927536231884058,1.0,2
1781,0.0178571428571428,0.0,1.0,0.75,0.1304347826086956,1.0,2
1782,0.5535714285714286,1.0,2.0,0.425,0.5507246376811594,1.0,2
1783,0.6428571428571428,1.0,1.0,0.3375,0.0434782608695652,1.0,2
1784,0.5357142857142858,0.0,2.0,0.2,0.9565217391304348,0.0,2
1785,0.8928571428571428,0.0,1.0,0.2375,0.7971014492753624,1.0,2
1786,0.6071428571428572,0.0,0.0,0.45,0.4927536231884058,1.0,2
1787,0.25,1.0,0.0,0.225,0.0869565217391304,0.0,2
1788,0.4999999999999999,0.0,1.0,0.175,0.2753623188405797,1.0,2
1789,0.9642857142857144,0.0,1.0,0.75,0.9855072463768116,0.0,2
1790,0.0714285714285714,1.0,0.0,0.475,0.6956521739130436,1.0,2
1791,0.3392857142857142,0.0,2.0,0.4125,0.2463768115942028,1.0,2
1792,0.9642857142857144,1.0,0.0,0.2875,0.5217391304347827,0.0,2
1793,0.8035714285714286,0.0,2.0,0.1625,0.5797101449275363,0.0,2
1794,0.875,1.0,1.0,0.95,0.1739130434782608,1.0,2
1795,0.5714285714285714,0.0,0.0,0.15,0.0579710144927536,0.0,2
1796,0.1428571428571428,1.0,0.0,0.825,0.7536231884057971,1.0,2
1797,0.2678571428571428,0.0,1.0,0.525,0.7971014492753624,0.0,2
1798,0.6964285714285714,0.0,0.0,0.1375,0.4492753623188406,1.0,2
1799,0.0357142857142857,1.0,0.0,0.475,0.1159420289855072,0.0,2
1800,0.7678571428571428,0.0,0.0,0.225,0.8405797101449276,0.0,2
1801,0.0892857142857143,0.0,2.0,0.2125,0.072463768115942,1.0,2
1802,0.3035714285714285,0.0,0.0,0.5375000000000001,0.0144927536231884,0.0,2
1803,0.2142857142857142,1.0,0.0,0.5,0.0869565217391304,0.0,2
1804,0.8214285714285714,0.0,2.0,0.0125,0.144927536231884,0.0,2
1805,0.3035714285714285,0.0,2.0,0.1875,0.6811594202898551,1.0,2
1806,0.0892857142857143,0.0,1.0,0.275,0.144927536231884,1.0,2
1807,0.1428571428571428,0.0,2.0,0.15,0.0579710144927536,1.0,2
1808,0.6428571428571428,0.0,1.0,0.45,0.7681159420289856,0.0,2
1809,0.8928571428571428,0.0,0.0,0.225,0.2028985507246376,0.0,2
1810,0.3214285714285714,1.0,0.0,0.95,0.4202898550724637,0.0,2
1811,0.125,0.0,1.0,0.4,0.0289855072463768,0.0,2
1812,0.9821428571428572,1.0,1.0,0.65,0.1884057971014492,0.0,2
1813,0.3214285714285714,0.0,0.0,0.475,0.3188405797101449,0.0,2
1814,0.1785714285714285,0.0,1.0,0.0,0.1304347826086956,1.0,2
1815,0.6607142857142858,0.0,0.0,0.3375,0.855072463768116,1.0,2
1816,0.25,1.0,2.0,0.1124999999999999,0.4927536231884058,0.0,2
1817,0.8392857142857144,0.0,1.0,0.5125000000000001,0.144927536231884,0.0,2
1818,0.25,0.0,1.0,0.7375,0.855072463768116,1.0,2
1819,0.25,0.0,0.0,0.025,0.9855072463768116,0.0,2
1820,0.75,1.0,2.0,0.325,0.0434782608695652,0.0,2
1821,0.5892857142857142,1.0,1.0,0.325,0.4202898550724637,0.0,2
1822,0.2857142857142857,0.0,0.0,0.6875,0.3188405797101449,0.0,2
1823,0.2857142857142857,1.0,0.0,0.35,0.3333333333333333,1.0,2
1824,0.5535714285714286,0.0,1.0,0.4625,0.782608695652174,0.0,2
1825,0.8214285714285714,1.0,0.0,0.4,0.3043478260869565,1.0,2
1826,0.3571428571428571,1.0,2.0,0.275,0.2608695652173913,0.0,2
1827,0.9107142857142858,1.0,1.0,0.8625,0.3188405797101449,0.0,2
1828,0.0892857142857143,0.0,2.0,0.1875,0.9565217391304348,0.0,2
1829,0.625,1.0,2.0,0.5750000000000001,0.6086956521739131,0.0,2
1830,0.7321428571428572,0.0,1.0,0.1625,0.1884057971014492,0.0,2
1831,0.8392857142857144,1.0,2.0,0.8,0.9130434782608696,1.0,2
1832,0.125,1.0,0.0,0.3125,0.7101449275362319,1.0,2
1833,0.6785714285714286,1.0,1.0,0.0375,0.8695652173913044,0.0,2
1834,0.9285714285714286,0.0,0.0,0.6375000000000001,0.6231884057971016,0.0,2
1835,0.3035714285714285,0.0,2.0,0.9625,0.1739130434782608,1.0,2
1836,0.6785714285714286,0.0,2.0,0.975,0.9710144927536232,0.0,2
1837,0.0892857142857143,1.0,0.0,0.35,0.072463768115942,1.0,2
1838,0.1071428571428571,1.0,2.0,0.925,0.1304347826086956,0.0,2
1839,0.9821428571428572,0.0,2.0,0.9375,0.6376811594202899,1.0,2
1840,0.3571428571428571,0.0,1.0,0.1,0.8695652173913044,1.0,2
1841,0.0714285714285714,0.0,2.0,0.5625,0.3768115942028985,0.0,2
1842,0.5892857142857142,1.0,1.0,0.8375000000000001,0.8260869565217391,1.0,2
1843,0.5892857142857142,0.0,2.0,0.0625,0.2463768115942028,0.0,2
1844,0.4821428571428571,0.0,1.0,0.5375000000000001,0.391304347826087,1.0,2
1845,0.0,1.0,2.0,0.625,0.4782608695652174,0.0,2
1846,0.6071428571428572,1.0,1.0,0.3125,0.5362318840579711,1.0,2
1847,0.0178571428571428,1.0,0.0,0.4,0.2318840579710145,0.0,2
1848,0.8214285714285714,1.0,2.0,0.375,0.144927536231884,0.0,2
1849,0.4107142857142857,1.0,2.0,0.8125,0.7391304347826088,0.0,2
1850,1.0,0.0,0.0,0.4375,0.7246376811594204,1.0,2
1851,0.5535714285714286,1.0,0.0,0.2,0.3623188405797101,0.0,2
1852,1.0,1.0,1.0,0.0625,0.4492753623188406,0.0,2
1853,0.2678571428571428,1.0,1.0,0.1124999999999999,0.8405797101449276,1.0,2
1854,0.125,0.0,1.0,0.6875,0.3768115942028985,1.0,2
1855,0.5714285714285714,1.0,1.0,0.675,0.2898550724637681,0.0,2
1856,1.0,1.0,0.0,0.8625,0.5942028985507247,0.0,2
1857,0.9464285714285714,1.0,2.0,0.1,0.6376811594202899,1.0,2
1858,0.8214285714285714,1.0,2.0,0.9000000000000001,0.9855072463768116,0.0,2
1859,0.9642857142857144,0.0,2.0,0.3375,0.0289855072463768,1.0,2
1860,0.0892857142857143,1.0,0.0,0.8875,0.6521739130434783,0.0,2
1861,0.4464285714285714,0.0,0.0,0.025,0.1159420289855072,1.0,2
1862,0.5535714285714286,0.0,2.0,0.025,0.5362318840579711,0.0,2
1863,0.3571428571428571,0.0,1.0,0.75,0.8115942028985508,1.0,2
1864,0.3571428571428571,1.0,0.0,0.95,0.8260869565217391,1.0,2
1865,0.25,1.0,1.0,0.65,0.5942028985507247,0.0,2
1866,0.125,1.0,2.0,0.2125,0.0869565217391304,1.0,2
1867,0.2678571428571428,1.0,2.0,0.4125,0.144927536231884,0.0,2
1868,0.5178571428571428,1.0,0.0,0.4125,0.1739130434782608,0.0,2
1869,0.0535714285714286,0.0,1.0,0.925,0.4202898550724637,1.0,2
1870,0.3035714285714285,1.0,1.0,0.8375000000000001,0.8115942028985508,0.0,2
1871,0.4107142857142857,1.0,0.0,0.65,0.1014492753623188,0.0,2
1872,0.4107142857142857,1.0,0.0,0.775,0.217391304347826,0.0,2
1873,0.9285714285714286,0.0,0.0,0.225,0.6521739130434783,1.0,2
1874,0.0,1.0,0.0,0.55,0.2463768115942028,0.0,2
1875,0.8928571428571428,0.0,0.0,0.5,0.4057971014492753,0.0,2
1876,0.3928571428571428,1.0,0.0,0.05,0.6666666666666667,1.0,2
1877,0.8214285714285714,1.0,0.0,0.4625,0.5797101449275363,0.0,2
1878,0.5357142857142858,1.0,0.0,0.2625,0.1739130434782608,0.0,2
1879,0.0178571428571428,1.0,1.0,0.225,0.5797101449275363,1.0,2
1880,0.0892857142857143,1.0,0.0,0.6375000000000001,0.7681159420289856,1.0,2
1881,0.25,0.0,0.0,0.05,0.2318840579710145,0.0,2
1882,0.2142857142857142,1.0,0.0,0.2875,0.4057971014492753,0.0,2
1883,0.4107142857142857,0.0,0.0,0.9875,0.4492753623188406,0.0,2
1884,0.9821428571428572,1.0,1.0,0.025,0.0869565217391304,1.0,2
1885,0.8928571428571428,1.0,0.0,0.9875,0.0,0.0,2
1886,0.7321428571428572,0.0,1.0,0.975,0.4782608695652174,1.0,2
1887,0.0178571428571428,1.0,2.0,0.2,0.1159420289855072,0.0,2
1888,0.7678571428571428,0.0,1.0,0.625,0.391304347826087,0.0,2
1889,0.0892857142857143,1.0,2.0,0.3375,0.3623188405797101,0.0,2
1890,0.8035714285714286,0.0,2.0,0.9875,0.6811594202898551,1.0,2
1891,0.2678571428571428,0.0,2.0,0.0375,0.5652173913043479,0.0,2
1892,0.8392857142857144,0.0,1.0,0.1875,0.855072463768116,1.0,2
1893,0.6964285714285714,1.0,0.0,0.5,0.2318840579710145,0.0,2
1894,0.2321428571428571,0.0,1.0,0.5625,0.6231884057971016,0.0,2
1895,0.5178571428571428,0.0,1.0,0.55,0.8260869565217391,0.0,2
1896,0.7678571428571428,0.0,1.0,0.1,0.7246376811594204,0.0,2
1897,0.3928571428571428,1.0,1.0,0.7000000000000001,0.1304347826086956,1.0,2
1898,0.3035714285714285,1.0,1.0,0.7125,0.4492753623188406,1.0,2
1899,0.1607142857142857,0.0,0.0,0.0625,0.5942028985507247,0.0,2
1900,0.625,0.0,0.0,0.325,0.7246376811594204,1.0,2
1901,0.5178571428571428,0.0,0.0,0.875,0.7681159420289856,1.0,2
1902,0.2321428571428571,1.0,1.0,0.8500000000000001,0.4347826086956521,1.0,2
1903,0.6964285714285714,0.0,2.0,0.0125,0.855072463768116,1.0,2
1904,0.5357142857142858,1.0,2.0,0.4125,0.0,0.0,2
1905,0.9821428571428572,0.0,1.0,0.8,0.6666666666666667,0.0,2
1906,0.5535714285714286,0.0,2.0,0.4625,0.9420289855072465,1.0,2
1907,0.6428571428571428,1.0,1.0,0.95,0.6521739130434783,0.0,2
1908,0.8571428571428572,1.0,1.0,0.325,0.7246376811594204,1.0,2
1909,0.6428571428571428,0.0,2.0,0.025,0.0,0.0,2
1910,0.0892857142857143,0.0,1.0,0.7875000000000001,0.5217391304347827,1.0,2
1911,0.3392857142857142,1.0,1.0,0.8125,0.9710144927536232,1.0,2
1912,0.8928571428571428,0.0,2.0,0.6000000000000001,0.1014492753623188,0.0,2
1913,0.3392857142857142,1.0,1.0,0.3,0.6086956521739131,0.0,2
1914,0.4642857142857142,1.0,2.0,0.6000000000000001,0.7101449275362319,1.0,2
1915,0.6964285714285714,0.0,2.0,0.3375,0.5507246376811594,0.0,2
1916,0.6071428571428572,1.0,1.0,0.3875,0.782608695652174,1.0,2
1917,0.9285714285714286,0.0,2.0,0.65,0.3478260869565217,0.0,2
1918,0.2857142857142857,1.0,1.0,0.3875,0.6376811594202899,1.0,2
1919,0.9107142857142858,0.0,1.0,0.4125,0.6956521739130436,0.0,2
1920,0.0178571428571428,0.0,0.0,0.9125,0.217391304347826,1.0,2
1921,0.2857142857142857,0.0,2.0,0.7375,0.3333333333333333,0.0,2
1922,0.1785714285714285,1.0,2.0,0.55,0.6956521739130436,1.0,2
1923,0.4999999999999999,1.0,2.0,0.025,0.5072463768115942,1.0,2
1924,0.625,1.0,2.0,0.15,1.0,0.0,2
1925,0.8214285714285714,1.0,0.0,0.2125,0.0579710144927536,0.0,2
1926,0.6607142857142858,0.0,1.0,0.3375,0.782608695652174,0.0,2
1927,0.2142857142857142,0.0,2.0,0.2875,0.7246376811594204,0.0,2
1928,0.2678571428571428,1.0,2.0,0.7125,0.4782608695652174,1.0,2
1929,0.7678571428571428,0.0,2.0,0.9875,0.927536231884058,0.0,2
1930,0.6607142857142858,0.0,0.0,1.0,0.3623188405797101,1.0,2
1931,0.4464285714285714,1.0,1.0,0.2375,0.9710144927536232,1.0,2
1932,0.0,0.0,2.0,0.2125,0.2608695652173913,0.0,2
1933,0.7142857142857144,1.0,1.0,0.8125,0.0289855072463768,1.0,2
1934,0.3928571428571428,0.0,1.0,0.025,0.855072463768116,1.0,2
1935,0.9642857142857144,0.0,2.0,0.7625000000000001,0.3478260869565217,1.0,2
1936,0.0714285714285714,0.0,0.0,1.0,0.6811594202898551,0.0,2
1937,0.5357142857142858,1.0,1.0,0.8125,0.2463768115942028,1.0,2
1938,0.5714285714285714,0.0,1.0,0.7875000000000001,0.6231884057971016,0.0,2
1939,0.3928571428571428,1.0,2.0,0.5750000000000001,0.9855072463768116,1.0,2
1940,0.5178571428571428,0.0,1.0,0.4875,0.5797101449275363,0.0,2
1941,0.4999999999999999,1.0,2.0,0.2,0.5072463768115942,0.0,2
1942,0.6785714285714286,0.0,2.0,0.8625,0.2898550724637681,0.0,2
1943,0.125,1.0,0.0,0.425,0.7391304347826088,0.0,2
1944,0.875,0.0,1.0,0.1625,0.8115942028985508,1.0,2
1945,0.7857142857142858,1.0,0.0,0.8375000000000001,0.2318840579710145,1.0,2
1946,0.0535714285714286,0.0,1.0,0.45,0.9130434782608696,0.0,2
1947,0.25,0.0,1.0,0.475,0.927536231884058,0.0,2
1948,0.6607142857142858,1.0,2.0,0.7875000000000001,0.4202898550724637,1.0,2
1949,0.1607142857142857,0.0,2.0,0.925,0.0144927536231884,1.0,2
1950,0.2142857142857142,1.0,0.0,1.0,0.9420289855072465,1.0,2
1951,0.3392857142857142,1.0,2.0,0.4125,0.0869565217391304,0.0,2
1952,0.5357142857142858,0.0,2.0,0.975,0.2898550724637681,0.0,2
1953,0.125,1.0,1.0,0.3375,0.9420289855072465,0.0,2
1954,0.3928571428571428,1.0,1.0,0.475,0.3333333333333333,0.0,2
1955,0.25,1.0,1.0,0.2625,0.144927536231884,1.0,2
1956,1.0,1.0,1.0,0.025,0.5507246376811594,1.0,2
1957,0.3392857142857142,1.0,0.0,0.6875,0.2028985507246376,1.0,2
1958,0.3749999999999999,1.0,2.0,0.65,0.9130434782608696,1.0,2
1959,0.5535714285714286,1.0,2.0,0.75,0.6521739130434783,0.0,2
1960,0.1428571428571428,1.0,1.0,0.325,0.7536231884057971,1.0,2
1961,0.8571428571428572,0.0,0.0,0.9875,0.927536231884058,1.0,2
1962,0.4821428571428571,0.0,0.0,0.1124999999999999,0.9565217391304348,1.0,2
1963,0.4285714285714285,0.0,0.0,0.4875,0.3333333333333333,1.0,2
1964,0.4821428571428571,0.0,0.0,0.1124999999999999,0.8115942028985508,0.0,2
1965,0.9642857142857144,1.0,2.0,0.1875,0.8405797101449276,0.0,2
1966,0.1964285714285714,0.0,1.0,0.4125,0.1594202898550724,0.0,2
1967,0.1607142857142857,0.0,0.0,0.9875,0.6956521739130436,1.0,2
1968,0.5714285714285714,0.0,0.0,0.6375000000000001,0.0,1.0,2
1969,0.5892857142857142,0.0,0.0,0.5375000000000001,0.7391304347826088,0.0,2
1970,0.9464285714285714,1.0,0.0,0.475,0.6231884057971016,0.0,2
1971,0.6607142857142858,0.0,0.0,0.8,0.6956521739130436,0.0,2
1972,0.5357142857142858,1.0,2.0,0.75,0.8840579710144928,1.0,2
1973,0.7142857142857144,1.0,0.0,0.075,0.2608695652173913,0.0,2
1974,0.1607142857142857,1.0,0.0,0.1124999999999999,0.5507246376811594,0.0,2
1975,0.9821428571428572,1.0,1.0,0.9000000000000001,0.391304347826087,1.0,2
1976,0.4999999999999999,1.0,1.0,0.175,0.5362318840579711,0.0,2
1977,0.5892857142857142,0.0,1.0,0.8,0.6666666666666667,0.0,2
1978,0.6964285714285714,1.0,0.0,0.65,0.0579710144927536,0.0,2
1979,0.4999999999999999,1.0,1.0,0.5625,0.7391304347826088,1.0,2
1980,0.6428571428571428,0.0,0.0,0.325,0.2028985507246376,0.0,2
1981,0.8928571428571428,1.0,2.0,0.7875000000000001,0.4057971014492753,0.0,2
1982,0.3928571428571428,1.0,0.0,0.425,0.072463768115942,1.0,2
1983,0.3928571428571428,0.0,1.0,0.7375,0.5507246376811594,0.0,2
1984,0.1964285714285714,0.0,2.0,0.125,0.7101449275362319,0.0,2
1985,0.3214285714285714,1.0,1.0,0.4625,0.4347826086956521,1.0,2
1986,0.1964285714285714,0.0,0.0,0.9375,0.3623188405797101,1.0,2
1987,0.0,0.0,0.0,0.525,0.6231884057971016,1.0,2
1988,0.1071428571428571,0.0,0.0,0.3125,0.855072463768116,1.0,2
1989,0.4464285714285714,0.0,0.0,0.7250000000000001,0.6811594202898551,0.0,2
1990,0.6964285714285714,0.0,1.0,0.775,0.7101449275362319,1.0,2
1991,0.0357142857142857,0.0,0.0,0.0375,0.5652173913043479,0.0,2
1992,0.8214285714285714,1.0,2.0,0.5,0.1304347826086956,0.0,2
1993,1.0,1.0,0.0,0.7875000000000001,0.6956521739130436,0.0,2
1994,0.0892857142857143,0.0,0.0,0.7875000000000001,0.0,1.0,2
1995,0.625,0.0,0.0,0.475,0.6231884057971016,0.0,2
1996,0.125,1.0,1.0,0.225,0.5507246376811594,0.0,2
1997,0.2142857142857142,1.0,0.0,0.775,0.8695652173913044,1.0,2
1998,0.875,1.0,1.0,0.675,0.7971014492753624,0.0,2
1999,0.8571428571428572,0.0,0.0,0.9000000000000001,0.4492753623188406,0.0,2
