Customer ID,Age,Gender,Marital Status,Annual Income,Total Purchases,Preferred Category
1000,0.41071428571428575,0.0,1.0,0.8375000000000001,0.02898550724637681,1.0
1001,0.9107142857142858,1.0,0.0,0.525,0.4927536231884058,0.0
1002,0.41071428571428575,0.0,2.0,0.8,0.3188405797101449,0.0
1003,0.75,1.0,1.0,0.30000000000000004,0.4927536231884058,0.0
1004,0.16071428571428575,0.0,2.0,0.1375,1.0,0.0
1005,0.25000000000000006,1.0,1.0,0.22500000000000003,0.927536231884058,0.0
1006,0.39285714285714285,0.0,1.0,0.7125,0.40579710144927533,1.0
1007,0.19642857142857145,1.0,2.0,0.7625000000000001,0.8840579710144928,0.0
1008,0.44642857142857145,0.0,1.0,0.0625,0.6811594202898551,0.0
1009,0.0,0.0,2.0,0.8,0.9855072463768116,0.0
1010,0.8928571428571428,0.0,1.0,0.825,0.043478260869565216,1.0
1011,0.8214285714285714,0.0,2.0,0.037500000000000006,0.5797101449275363,1.0
1012,0.19642857142857145,1.0,1.0,0.375,0.8260869565217391,1.0
1013,0.5357142857142858,0.0,0.0,0.675,0.7246376811594204,0.0
1014,0.48214285714285715,0.0,2.0,0.012500000000000011,0.02898550724637681,0.0
1015,1.0,0.0,0.0,0.6375000000000001,0.6376811594202899,0.0
1016,0.5357142857142858,0.0,2.0,0.9125000000000001,0.057971014492753624,1.0
1017,0.9107142857142858,1.0,1.0,0.4,0.08695652173913045,0.0
1018,1.0,0.0,2.0,0.925,0.10144927536231885,0.0
1019,0.7678571428571428,0.0,0.0,0.4125,0.5942028985507247,1.0
1020,0.49999999999999994,1.0,1.0,0.925,0.8115942028985508,0.0
1021,0.01785714285714285,0.0,1.0,0.11249999999999999,0.40579710144927533,0.0
1022,0.9821428571428572,0.0,2.0,0.5750000000000001,0.043478260869565216,0.0
1023,0.0535714285714286,1.0,2.0,0.0625,0.463768115942029,1.0
1024,0.14285714285714285,0.0,1.0,0.9000000000000001,0.6376811594202899,1.0
1025,0.6607142857142858,0.0,0.0,0.30000000000000004,0.5072463768115942,1.0
1026,0.5892857142857142,0.0,0.0,0.5,0.24637681159420288,1.0
1027,0.8571428571428572,0.0,1.0,0.08750000000000002,0.8840579710144928,1.0
1028,0.16071428571428575,1.0,0.0,0.7625000000000001,0.9420289855072465,1.0
1029,0.49999999999999994,0.0,1.0,0.8125,0.7391304347826088,1.0
1030,0.8214285714285714,0.0,2.0,0.8875,0.6086956521739131,1.0
1031,0.10714285714285715,0.0,1.0,0.21250000000000002,1.0,1.0
1032,0.28571428571428575,1.0,2.0,0.5375000000000001,0.07246376811594203,1.0
1033,0.46428571428571425,1.0,2.0,0.025000000000000022,0.37681159420289856,0.0
1034,0.39285714285714285,0.0,0.0,0.28750000000000003,0.4492753623188406,1.0
1035,0.8928571428571428,1.0,1.0,0.9375,0.4927536231884058,1.0
1036,0.6071428571428572,0.0,2.0,0.9875,0.34782608695652173,1.0
1037,0.28571428571428575,1.0,1.0,0.07500000000000001,0.24637681159420288,0.0
1038,0.9107142857142858,0.0,1.0,0.012500000000000011,0.463768115942029,1.0
1039,0.07142857142857145,1.0,0.0,0.025000000000000022,0.8115942028985508,0.0
1040,0.44642857142857145,1.0,1.0,0.17500000000000004,0.30434782608695654,0.0
1041,0.6607142857142858,0.0,0.0,0.17500000000000004,0.34782608695652173,1.0
1042,0.6785714285714286,0.0,1.0,0.7000000000000001,0.3333333333333333,1.0
1043,0.9821428571428572,1.0,2.0,0.28750000000000003,0.6231884057971016,1.0
1044,0.9642857142857144,0.0,2.0,0.7125,0.15942028985507245,1.0
1045,0.0,1.0,1.0,0.1875,0.34782608695652173,0.0
1046,0.23214285714285715,0.0,2.0,0.3375,0.6811594202898551,1.0
1047,0.32142857142857145,0.0,1.0,0.75,0.7971014492753624,1.0
1048,0.42857142857142855,1.0,2.0,0.375,0.40579710144927533,0.0
1049,0.46428571428571425,0.0,0.0,0.7125,0.14492753623188406,0.0
1050,0.49999999999999994,0.0,0.0,0.6625000000000001,0.37681159420289856,0.0
1051,0.75,1.0,1.0,0.36250000000000004,0.6956521739130436,0.0
1052,0.8214285714285714,1.0,1.0,0.8125,0.014492753623188406,0.0
1053,0.5714285714285714,1.0,2.0,0.21250000000000002,0.24637681159420288,1.0
1054,0.7142857142857144,1.0,2.0,0.11249999999999999,0.9565217391304348,1.0
1055,0.8035714285714286,1.0,0.0,0.5375000000000001,0.2608695652173913,0.0
1056,0.07142857142857145,0.0,2.0,0.10000000000000003,0.2608695652173913,1.0
1057,0.7678571428571428,0.0,0.0,0.9750000000000001,0.8405797101449276,1.0
1058,0.35714285714285715,0.0,0.0,0.9750000000000001,0.7391304347826088,1.0
1059,0.0535714285714286,1.0,2.0,0.7875000000000001,0.014492753623188406,0.0
1060,0.0535714285714286,0.0,1.0,0.1875,0.14492753623188406,1.0
1061,0.7857142857142858,1.0,2.0,0.012500000000000011,0.9710144927536233,1.0
1062,0.6428571428571428,1.0,0.0,0.9000000000000001,0.3188405797101449,1.0
1063,0.875,1.0,0.0,0.16250000000000003,0.5942028985507247,0.0
1064,0.8392857142857144,0.0,2.0,0.4625,0.7971014492753624,1.0
1065,0.26785714285714285,0.0,2.0,0.025000000000000022,0.6376811594202899,0.0
1066,0.19642857142857145,0.0,0.0,0.75,0.7246376811594204,1.0
1067,0.14285714285714285,1.0,2.0,0.10000000000000003,0.2898550724637681,1.0
1068,0.9821428571428572,1.0,0.0,0.7375,0.9565217391304348,1.0
1069,0.6428571428571428,0.0,2.0,0.8625,0.7536231884057971,0.0
1070,0.6964285714285714,1.0,2.0,0.2,0.17391304347826086,1.0
1071,0.9107142857142858,0.0,0.0,1.0,0.855072463768116,0.0
1072,0.9642857142857144,1.0,0.0,0.5875,0.13043478260869565,1.0
1073,0.6607142857142858,0.0,1.0,0.6000000000000001,0.08695652173913045,0.0
1074,0.125,0.0,2.0,0.95,0.9855072463768116,0.0
1075,0.125,1.0,2.0,0.16250000000000003,0.855072463768116,0.0
1076,0.8928571428571428,0.0,0.0,0.28750000000000003,0.42028985507246375,1.0
1077,0.14285714285714285,1.0,2.0,0.925,0.2898550724637681,0.0
1078,0.39285714285714285,1.0,1.0,0.10000000000000003,0.014492753623188406,0.0
1079,0.26785714285714285,0.0,2.0,0.8375000000000001,0.07246376811594203,0.0
1080,0.0892857142857143,0.0,2.0,0.8125,0.02898550724637681,0.0
1081,0.7857142857142858,1.0,1.0,0.9875,0.08695652173913045,0.0
1082,0.5892857142857142,0.0,2.0,0.15000000000000002,0.9130434782608696,1.0
1083,0.44642857142857145,1.0,0.0,0.7875000000000001,0.13043478260869565,0.0
1084,0.6428571428571428,1.0,1.0,0.125,0.7536231884057971,0.0
1085,0.21428571428571425,1.0,0.0,0.5375000000000001,0.9565217391304348,0.0
1086,0.44642857142857145,1.0,2.0,0.11249999999999999,0.391304347826087,0.0
1087,0.33928571428571425,1.0,1.0,0.6875,0.8695652173913044,0.0
1088,0.5714285714285714,0.0,1.0,0.8875,0.7681159420289856,0.0
1089,0.17857142857142855,0.0,0.0,0.5125000000000001,0.782608695652174,0.0
1090,0.8928571428571428,0.0,0.0,0.4125,0.7971014492753624,1.0
1091,0.26785714285714285,1.0,0.0,0.8875,0.6376811594202899,0.0
1092,0.8035714285714286,1.0,2.0,0.7875000000000001,0.5217391304347827,1.0
1093,0.625,0.0,0.0,0.08750000000000002,0.9130434782608696,0.0
1094,0.9285714285714286,0.0,1.0,0.7125,0.4492753623188406,0.0
1095,0.0535714285714286,0.0,0.0,1.0,0.24637681159420288,1.0
1096,0.26785714285714285,1.0,1.0,0.7250000000000001,0.9710144927536233,0.0
1097,0.035714285714285754,0.0,1.0,0.35,0.13043478260869565,0.0
1098,0.19642857142857145,1.0,0.0,0.23750000000000004,0.20289855072463767,1.0
1099,0.035714285714285754,0.0,0.0,0.36250000000000004,0.07246376811594203,0.0
1100,0.0535714285714286,1.0,0.0,0.125,0.4927536231884058,0.0
1101,0.8928571428571428,0.0,2.0,0.9625000000000001,0.8695652173913044,1.0
1102,0.6785714285714286,0.0,2.0,0.55,0.8985507246376813,1.0
1103,0.875,1.0,2.0,0.9375,0.11594202898550725,0.0
1104,0.7857142857142858,1.0,0.0,0.21250000000000002,0.21739130434782608,0.0
1105,0.19642857142857145,0.0,0.0,0.8875,0.6521739130434783,1.0
1106,0.35714285714285715,0.0,1.0,0.675,0.20289855072463767,0.0
1107,0.16071428571428575,1.0,0.0,0.75,0.14492753623188406,0.0
1108,0.625,1.0,1.0,0.21250000000000002,0.7681159420289856,0.0
1109,0.42857142857142855,0.0,0.0,0.9750000000000001,0.463768115942029,1.0
1110,0.16071428571428575,0.0,1.0,0.65,0.07246376811594203,0.0
1111,0.7857142857142858,1.0,1.0,0.5125000000000001,0.9130434782608696,1.0
1112,0.0892857142857143,1.0,2.0,0.65,0.6521739130434783,0.0
1113,0.07142857142857145,1.0,1.0,0.38750000000000007,0.9855072463768116,0.0
1114,0.5357142857142858,0.0,2.0,0.11249999999999999,0.057971014492753624,1.0
1115,0.7142857142857144,1.0,1.0,0.36250000000000004,0.21739130434782608,0.0
1116,0.21428571428571425,1.0,2.0,0.8375000000000001,0.36231884057971014,1.0
1117,0.17857142857142855,0.0,2.0,0.8625,0.7391304347826088,0.0
1118,0.8214285714285714,1.0,2.0,0.75,0.4782608695652174,1.0
1119,0.25000000000000006,1.0,2.0,0.825,0.4492753623188406,1.0
1120,0.16071428571428575,1.0,1.0,0.17500000000000004,0.7246376811594204,1.0
1121,0.6607142857142858,1.0,2.0,0.4625,0.42028985507246375,1.0
1122,0.35714285714285715,0.0,2.0,0.23750000000000004,0.6086956521739131,1.0
1123,0.875,0.0,2.0,0.48750000000000004,0.13043478260869565,0.0
1124,0.6607142857142858,0.0,0.0,1.0,0.7971014492753624,1.0
1125,0.39285714285714285,0.0,0.0,0.10000000000000003,0.8840579710144928,1.0
1126,0.9464285714285714,0.0,1.0,0.7375,0.34782608695652173,1.0
1127,0.49999999999999994,1.0,2.0,0.23750000000000004,0.9420289855072465,1.0
1128,0.7142857142857144,0.0,0.0,0.4375,0.30434782608695654,0.0
1129,0.0,1.0,0.0,0.8500000000000001,0.17391304347826086,1.0
1130,0.7678571428571428,0.0,1.0,0.65,0.4927536231884058,1.0
1131,0.6071428571428572,0.0,0.0,0.925,0.36231884057971014,0.0
1132,1.0,1.0,2.0,0.9875,1.0,0.0
1133,0.75,1.0,0.0,0.125,0.02898550724637681,1.0
1134,0.28571428571428575,0.0,0.0,0.8500000000000001,0.043478260869565216,1.0
1135,0.46428571428571425,0.0,2.0,0.4125,0.9420289855072465,1.0
1136,0.9821428571428572,1.0,1.0,0.10000000000000003,0.014492753623188406,1.0
1137,0.8571428571428572,0.0,0.0,0.17500000000000004,0.13043478260869565,0.0
1138,0.9642857142857144,0.0,2.0,0.38750000000000007,0.043478260869565216,1.0
1139,0.8571428571428572,0.0,2.0,0.45000000000000007,0.057971014492753624,0.0
1140,0.7678571428571428,1.0,1.0,0.7875000000000001,0.057971014492753624,1.0
1141,0.37499999999999994,0.0,1.0,0.23750000000000004,0.15942028985507245,1.0
1142,0.25000000000000006,0.0,1.0,0.22500000000000003,0.40579710144927533,0.0
1143,1.0,0.0,1.0,0.675,0.18840579710144928,1.0
1144,0.8928571428571428,0.0,1.0,0.6875,0.5942028985507247,0.0
1145,0.8928571428571428,1.0,0.0,0.23750000000000004,0.7971014492753624,0.0
1146,0.23214285714285715,0.0,2.0,0.675,0.9565217391304348,0.0
1147,0.7142857142857144,1.0,2.0,0.375,0.782608695652174,1.0
1148,0.30357142857142855,1.0,0.0,0.8,0.463768115942029,1.0
1149,0.49999999999999994,1.0,2.0,0.21250000000000002,0.17391304347826086,0.0
1150,0.0,0.0,0.0,0.5,0.7101449275362319,0.0
1151,0.33928571428571425,0.0,2.0,0.36250000000000004,1.0,0.0
1152,0.42857142857142855,1.0,2.0,0.8375000000000001,0.43478260869565216,0.0
1153,0.44642857142857145,1.0,0.0,0.22500000000000003,0.14492753623188406,0.0
1154,0.875,1.0,1.0,0.875,0.37681159420289856,1.0
1155,0.9464285714285714,0.0,1.0,0.825,0.855072463768116,1.0
1156,0.5178571428571428,1.0,1.0,0.22500000000000003,0.8695652173913044,1.0
1157,0.0892857142857143,0.0,2.0,0.1375,0.9420289855072465,0.0
1158,1.0,1.0,0.0,0.6375000000000001,0.6376811594202899,0.0
1159,0.6785714285714286,1.0,0.0,0.35,0.5507246376811594,0.0
1160,0.0,1.0,2.0,0.11249999999999999,0.43478260869565216,0.0
1161,0.6607142857142858,1.0,0.0,0.4625,0.6521739130434783,0.0
1162,0.7321428571428572,1.0,1.0,0.8,0.9565217391304348,1.0
1163,0.0535714285714286,0.0,2.0,0.75,0.30434782608695654,1.0
1164,0.75,1.0,2.0,0.45000000000000007,0.043478260869565216,0.0
1165,0.25000000000000006,0.0,0.0,0.55,0.6666666666666667,0.0
1166,0.0,1.0,2.0,0.025000000000000022,0.36231884057971014,0.0
1167,0.49999999999999994,1.0,0.0,0.0,0.37681159420289856,1.0
1168,0.9642857142857144,1.0,1.0,0.775,0.5942028985507247,0.0
1169,0.01785714285714285,0.0,1.0,0.35,0.43478260869565216,0.0
1170,0.5892857142857142,1.0,0.0,0.8375000000000001,0.7246376811594204,1.0
1171,0.44642857142857145,0.0,2.0,0.5625,0.8985507246376813,0.0
1172,0.42857142857142855,0.0,0.0,0.42500000000000004,0.8115942028985508,1.0
1173,0.17857142857142855,1.0,2.0,0.21250000000000002,0.9855072463768116,0.0
1174,0.0,1.0,2.0,0.28750000000000003,0.08695652173913045,1.0
1175,0.8392857142857144,0.0,2.0,0.05000000000000002,0.2318840579710145,0.0
1176,0.875,0.0,0.0,0.8875,0.37681159420289856,0.0
1177,0.125,1.0,0.0,0.75,0.5362318840579711,1.0
1178,0.8035714285714286,0.0,1.0,0.4,0.855072463768116,1.0
1179,0.125,1.0,0.0,0.8,0.6956521739130436,1.0
1180,0.01785714285714285,0.0,1.0,0.625,0.17391304347826086,0.0
1181,0.035714285714285754,0.0,1.0,0.16250000000000003,0.10144927536231885,1.0
1182,0.16071428571428575,1.0,2.0,0.9000000000000001,0.36231884057971014,0.0
1183,0.8035714285714286,1.0,1.0,0.5625,0.3333333333333333,0.0
1184,0.8035714285714286,0.0,0.0,0.08750000000000002,0.14492753623188406,1.0
1185,0.10714285714285715,1.0,2.0,0.8125,0.6086956521739131,1.0
1186,0.8392857142857144,1.0,1.0,0.5,0.43478260869565216,1.0
1187,0.46428571428571425,0.0,2.0,0.5125000000000001,0.782608695652174,0.0
1188,0.8035714285714286,1.0,0.0,0.5,0.7246376811594204,1.0
1189,0.48214285714285715,1.0,2.0,0.475,0.4927536231884058,0.0
1190,0.5535714285714286,1.0,0.0,0.8,0.5217391304347827,0.0
1191,0.37499999999999994,0.0,2.0,0.6625000000000001,0.30434782608695654,0.0
1192,0.8214285714285714,1.0,1.0,0.7875000000000001,0.5507246376811594,1.0
1193,0.5178571428571428,0.0,2.0,0.7625000000000001,0.43478260869565216,0.0
1194,0.6964285714285714,0.0,0.0,0.925,0.21739130434782608,0.0
1195,0.8571428571428572,0.0,0.0,0.45000000000000007,0.6231884057971016,1.0
1196,0.21428571428571425,0.0,0.0,0.8875,0.8695652173913044,0.0
1197,0.33928571428571425,1.0,2.0,0.8125,0.5362318840579711,1.0
1198,0.5535714285714286,0.0,0.0,0.5625,0.4782608695652174,0.0
1199,0.17857142857142855,0.0,1.0,0.6125,0.6231884057971016,1.0
1200,0.10714285714285715,0.0,2.0,0.037500000000000006,0.18840579710144928,0.0
1201,0.23214285714285715,1.0,0.0,0.38750000000000007,0.927536231884058,0.0
1202,0.8928571428571428,1.0,2.0,0.037500000000000006,0.17391304347826086,1.0
1203,0.21428571428571425,0.0,2.0,0.9125000000000001,0.40579710144927533,1.0
1204,0.0,0.0,1.0,0.32500000000000007,0.2753623188405797,0.0
1205,0.7321428571428572,1.0,2.0,0.3375,0.30434782608695654,0.0
1206,0.875,1.0,2.0,0.625,0.7101449275362319,1.0
1207,0.10714285714285715,1.0,2.0,0.2625,0.057971014492753624,1.0
1208,0.875,1.0,0.0,0.75,0.6376811594202899,1.0
1209,0.33928571428571425,1.0,1.0,0.11249999999999999,0.4492753623188406,0.0
1210,0.9642857142857144,1.0,2.0,0.0625,0.4492753623188406,1.0
1211,0.9464285714285714,0.0,0.0,0.9625000000000001,0.3188405797101449,1.0
1212,0.9464285714285714,0.0,1.0,0.55,0.34782608695652173,1.0
1213,0.9107142857142858,0.0,0.0,0.5,0.7391304347826088,0.0
1214,0.6428571428571428,0.0,1.0,0.4125,0.40579710144927533,1.0
1215,0.19642857142857145,0.0,2.0,0.8375000000000001,0.9855072463768116,1.0
1216,0.8035714285714286,0.0,2.0,0.17500000000000004,0.5652173913043479,1.0
1217,0.5178571428571428,0.0,1.0,0.625,0.3333333333333333,1.0
1218,0.8928571428571428,1.0,2.0,0.5750000000000001,0.24637681159420288,0.0
1219,0.125,1.0,2.0,0.1875,0.7101449275362319,0.0
1220,0.6071428571428572,0.0,2.0,0.925,0.057971014492753624,1.0
1221,0.32142857142857145,0.0,0.0,0.17500000000000004,1.0,0.0
1222,0.14285714285714285,1.0,2.0,0.4,0.37681159420289856,1.0
1223,1.0,0.0,1.0,0.22500000000000003,0.14492753623188406,0.0
1224,0.0892857142857143,1.0,2.0,1.0,0.9710144927536233,0.0
1225,0.5535714285714286,0.0,2.0,0.08750000000000002,0.37681159420289856,1.0
1226,0.17857142857142855,1.0,0.0,0.7000000000000001,0.7246376811594204,0.0
1227,0.875,1.0,0.0,0.7250000000000001,0.13043478260869565,0.0
1228,0.28571428571428575,1.0,2.0,0.7250000000000001,0.17391304347826086,0.0
1229,0.30357142857142855,0.0,1.0,0.8500000000000001,0.3333333333333333,0.0
1230,0.0,1.0,0.0,0.22500000000000003,0.7246376811594204,0.0
1231,0.8571428571428572,0.0,1.0,0.15000000000000002,0.8695652173913044,0.0
1232,0.8035714285714286,0.0,2.0,0.28750000000000003,0.927536231884058,1.0
1233,0.5357142857142858,1.0,1.0,0.7250000000000001,0.3188405797101449,1.0
1234,0.48214285714285715,1.0,0.0,0.4125,0.6086956521739131,1.0
1235,0.125,1.0,1.0,0.5375000000000001,0.9565217391304348,0.0
1236,0.7142857142857144,1.0,2.0,0.4,0.5072463768115942,0.0
1237,0.6785714285714286,0.0,0.0,0.35,0.6521739130434783,0.0
1238,0.7678571428571428,0.0,0.0,0.5125000000000001,0.4492753623188406,0.0
1239,0.32142857142857145,1.0,0.0,0.7625000000000001,0.30434782608695654,1.0
1240,0.75,1.0,1.0,0.5,0.6231884057971016,1.0
1241,0.875,0.0,2.0,0.7375,0.20289855072463767,0.0
1242,0.49999999999999994,1.0,1.0,0.1875,0.08695652173913045,1.0
1243,0.30357142857142855,0.0,1.0,0.8375000000000001,0.9130434782608696,1.0
1244,0.5535714285714286,1.0,2.0,0.925,0.7391304347826088,0.0
1245,0.9285714285714286,1.0,0.0,0.6625000000000001,0.7536231884057971,1.0
1246,0.0892857142857143,0.0,1.0,0.10000000000000003,0.5217391304347827,0.0
1247,0.28571428571428575,1.0,0.0,0.8375000000000001,0.5507246376811594,1.0
1248,0.0892857142857143,0.0,0.0,0.8625,0.15942028985507245,0.0
1249,0.6607142857142858,0.0,1.0,0.8125,0.40579710144927533,0.0
1250,0.8392857142857144,0.0,2.0,0.22500000000000003,0.927536231884058,1.0
1251,0.26785714285714285,0.0,0.0,0.15000000000000002,0.3333333333333333,0.0
1252,0.10714285714285715,1.0,1.0,0.95,0.4492753623188406,0.0
1253,0.5178571428571428,1.0,0.0,0.05000000000000002,0.17391304347826086,1.0
1254,0.37499999999999994,0.0,0.0,0.875,0.9565217391304348,0.0
1255,0.8928571428571428,1.0,1.0,0.8500000000000001,0.5652173913043479,0.0
1256,0.17857142857142855,0.0,1.0,0.11249999999999999,0.7681159420289856,0.0
1257,0.46428571428571425,1.0,1.0,0.23750000000000004,0.2753623188405797,1.0
1258,0.6428571428571428,1.0,1.0,0.35,0.5797101449275363,0.0
1259,0.8214285714285714,0.0,2.0,0.16250000000000003,0.7681159420289856,0.0
1260,0.0535714285714286,1.0,1.0,0.375,0.6811594202898551,0.0
1261,0.7678571428571428,1.0,2.0,0.8625,0.5652173913043479,0.0
1262,0.6428571428571428,0.0,1.0,0.7000000000000001,0.15942028985507245,1.0
1263,0.9642857142857144,1.0,2.0,1.0,0.10144927536231885,0.0
1264,0.28571428571428575,0.0,2.0,0.9375,0.9855072463768116,0.0
1265,0.6428571428571428,0.0,0.0,0.4,0.6231884057971016,1.0
1266,0.37499999999999994,0.0,1.0,0.08750000000000002,0.4782608695652174,0.0
1267,0.42857142857142855,1.0,2.0,0.23750000000000004,0.3188405797101449,0.0
1268,0.0535714285714286,0.0,0.0,0.0625,0.4492753623188406,1.0
1269,0.10714285714285715,1.0,2.0,0.75,0.7246376811594204,0.0
1270,1.0,0.0,1.0,0.38750000000000007,0.391304347826087,0.0
1271,0.10714285714285715,1.0,2.0,0.10000000000000003,0.782608695652174,1.0
1272,0.37499999999999994,0.0,2.0,0.012500000000000011,1.0,0.0
1273,0.32142857142857145,0.0,1.0,0.9375,0.9855072463768116,1.0
1274,0.16071428571428575,1.0,2.0,0.55,0.7681159420289856,1.0
1275,0.9642857142857144,0.0,2.0,0.75,0.07246376811594203,1.0
1276,0.46428571428571425,1.0,2.0,0.30000000000000004,0.7681159420289856,0.0
1277,0.875,1.0,1.0,0.475,0.6956521739130436,1.0
1278,0.49999999999999994,1.0,0.0,0.9125000000000001,0.5797101449275363,1.0
1279,0.035714285714285754,1.0,2.0,0.45000000000000007,0.6231884057971016,0.0
1280,0.30357142857142855,0.0,1.0,0.825,0.15942028985507245,0.0
1281,0.49999999999999994,1.0,2.0,0.15000000000000002,0.5217391304347827,0.0
1282,0.0,1.0,1.0,0.23750000000000004,0.08695652173913045,0.0
1283,0.44642857142857145,1.0,2.0,0.0,0.6666666666666667,1.0
1284,0.26785714285714285,1.0,2.0,0.012500000000000011,0.8840579710144928,1.0
1285,0.39285714285714285,0.0,0.0,0.5,0.4782608695652174,0.0
1286,0.875,1.0,1.0,0.7250000000000001,0.855072463768116,1.0
1287,0.7321428571428572,1.0,0.0,0.2,0.927536231884058,1.0
1288,0.21428571428571425,0.0,1.0,0.7625000000000001,0.8405797101449276,0.0
1289,0.33928571428571425,0.0,1.0,0.0,0.5797101449275363,0.0
1290,0.39285714285714285,0.0,0.0,0.08750000000000002,0.8695652173913044,0.0
1291,0.8571428571428572,1.0,1.0,0.08750000000000002,0.043478260869565216,0.0
1292,0.37499999999999994,0.0,1.0,0.8375000000000001,0.4782608695652174,0.0
1293,0.5892857142857142,0.0,0.0,0.1375,0.7681159420289856,0.0
1294,0.07142857142857145,0.0,0.0,0.6000000000000001,0.6811594202898551,1.0
1295,0.9464285714285714,1.0,1.0,0.16250000000000003,0.782608695652174,0.0
1296,0.8214285714285714,0.0,1.0,0.9750000000000001,0.5797101449275363,1.0
1297,0.37499999999999994,0.0,0.0,0.17500000000000004,0.391304347826087,1.0
1298,0.01785714285714285,0.0,0.0,0.5875,0.4492753623188406,0.0
1299,0.30357142857142855,1.0,1.0,1.0,0.14492753623188406,1.0
1300,0.0892857142857143,1.0,2.0,0.9375,0.2753623188405797,0.0
1301,0.5892857142857142,0.0,2.0,0.45000000000000007,0.927536231884058,1.0
1302,0.035714285714285754,1.0,0.0,0.3125,0.42028985507246375,0.0
1303,0.0892857142857143,1.0,1.0,0.8375000000000001,0.10144927536231885,1.0
1304,0.48214285714285715,0.0,0.0,0.65,0.8695652173913044,1.0
1305,0.41071428571428575,1.0,0.0,0.4,0.9420289855072465,0.0
1306,0.035714285714285754,0.0,1.0,0.55,0.5797101449275363,0.0
1307,0.48214285714285715,1.0,2.0,0.05000000000000002,0.8985507246376813,1.0
1308,0.49999999999999994,0.0,1.0,0.3125,0.4492753623188406,1.0
1309,0.6607142857142858,1.0,1.0,0.5375000000000001,0.927536231884058,0.0
1310,0.44642857142857145,1.0,2.0,0.28750000000000003,0.17391304347826086,0.0
1311,0.6964285714285714,0.0,1.0,0.65,0.30434782608695654,1.0
1312,0.9821428571428572,1.0,2.0,0.7375,0.2608695652173913,0.0
1313,0.30357142857142855,1.0,1.0,0.8125,0.391304347826087,0.0
1314,0.75,0.0,1.0,0.8375000000000001,0.9710144927536233,0.0
1315,0.7142857142857144,1.0,2.0,0.48750000000000004,0.9420289855072465,0.0
1316,0.875,0.0,2.0,0.2625,0.2318840579710145,0.0
1317,0.0892857142857143,1.0,2.0,0.6375000000000001,0.8840579710144928,1.0
1318,0.9821428571428572,0.0,2.0,0.22500000000000003,0.43478260869565216,0.0
1319,0.21428571428571425,0.0,2.0,0.11249999999999999,0.8115942028985508,1.0
1320,0.01785714285714285,1.0,0.0,0.11249999999999999,0.6231884057971016,1.0
1321,0.6071428571428572,0.0,1.0,0.55,0.10144927536231885,1.0
1322,0.6964285714285714,0.0,1.0,0.4625,0.8115942028985508,0.0
1323,0.25000000000000006,1.0,0.0,0.1375,0.02898550724637681,0.0
1324,0.01785714285714285,1.0,1.0,0.7250000000000001,0.7246376811594204,0.0
1325,0.035714285714285754,0.0,1.0,0.8625,0.6956521739130436,0.0
1326,0.30357142857142855,0.0,0.0,0.9875,0.2318840579710145,0.0
1327,0.19642857142857145,1.0,2.0,0.4625,0.043478260869565216,1.0
1328,0.46428571428571425,0.0,1.0,0.775,0.043478260869565216,1.0
1329,1.0,1.0,1.0,0.65,0.36231884057971014,1.0
1330,0.7857142857142858,0.0,1.0,0.75,0.17391304347826086,1.0
1331,0.23214285714285715,1.0,2.0,0.5125000000000001,0.13043478260869565,1.0
1332,0.5357142857142858,1.0,2.0,0.7125,0.36231884057971014,1.0
1333,0.46428571428571425,0.0,1.0,0.025000000000000022,0.6086956521739131,1.0
1334,0.7857142857142858,0.0,0.0,0.7250000000000001,0.2753623188405797,0.0
1335,0.7857142857142858,1.0,0.0,0.1375,0.36231884057971014,0.0
1336,0.30357142857142855,1.0,0.0,0.75,1.0,1.0
1337,0.8035714285714286,1.0,0.0,0.9125000000000001,0.8260869565217391,0.0
1338,0.46428571428571425,1.0,2.0,0.025000000000000022,0.42028985507246375,0.0
1339,0.37499999999999994,1.0,1.0,0.17500000000000004,0.8840579710144928,1.0
1340,0.9464285714285714,1.0,0.0,0.08750000000000002,0.9710144927536233,0.0
1341,0.41071428571428575,0.0,2.0,0.4625,0.9710144927536233,1.0
1342,0.0892857142857143,1.0,2.0,0.7375,0.8695652173913044,1.0
1343,0.6785714285714286,1.0,2.0,0.625,0.5362318840579711,1.0
1344,0.035714285714285754,1.0,1.0,0.7000000000000001,0.014492753623188406,1.0
1345,0.0535714285714286,1.0,1.0,0.4375,0.20289855072463767,1.0
1346,0.37499999999999994,0.0,0.0,0.36250000000000004,0.8695652173913044,1.0
1347,0.035714285714285754,1.0,0.0,0.7375,0.5072463768115942,1.0
1348,0.9107142857142858,1.0,1.0,0.25,0.30434782608695654,1.0
1349,0.23214285714285715,1.0,0.0,0.6125,0.5652173913043479,1.0
1350,0.75,0.0,0.0,0.48750000000000004,0.7536231884057971,1.0
1351,0.9464285714285714,0.0,0.0,0.05000000000000002,0.014492753623188406,1.0
1352,0.0,0.0,1.0,0.0,0.463768115942029,1.0
1353,0.42857142857142855,0.0,0.0,0.9750000000000001,0.0,1.0
1354,0.5357142857142858,0.0,1.0,0.8625,0.42028985507246375,1.0
1355,0.30357142857142855,0.0,1.0,0.11249999999999999,0.5217391304347827,0.0
1356,0.5357142857142858,1.0,2.0,0.7375,0.6666666666666667,0.0
1357,0.6428571428571428,0.0,1.0,0.4625,0.18840579710144928,0.0
1358,0.6607142857142858,0.0,0.0,0.9750000000000001,0.5942028985507247,1.0
1359,0.9107142857142858,0.0,1.0,0.8375000000000001,0.6666666666666667,0.0
1360,0.49999999999999994,1.0,2.0,0.275,0.9710144927536233,1.0
1361,0.9642857142857144,1.0,2.0,0.9750000000000001,0.8260869565217391,0.0
1362,0.8214285714285714,1.0,0.0,0.025000000000000022,0.014492753623188406,0.0
1363,0.6785714285714286,1.0,0.0,0.48750000000000004,0.5362318840579711,0.0
1364,0.5535714285714286,1.0,2.0,0.32500000000000007,0.782608695652174,1.0
1365,0.28571428571428575,0.0,2.0,0.9875,0.3188405797101449,0.0
1366,0.30357142857142855,1.0,1.0,0.75,0.08695652173913045,0.0
1367,0.125,1.0,2.0,0.0,0.5217391304347827,0.0
1368,0.35714285714285715,1.0,2.0,0.45000000000000007,0.7246376811594204,0.0
1369,0.6607142857142858,0.0,0.0,0.08750000000000002,0.782608695652174,1.0
1370,0.75,0.0,0.0,0.7625000000000001,0.4927536231884058,1.0
1371,0.5714285714285714,1.0,2.0,0.28750000000000003,0.855072463768116,0.0
1372,0.30357142857142855,1.0,1.0,0.4375,0.15942028985507245,1.0
1373,0.8571428571428572,0.0,0.0,0.10000000000000003,0.02898550724637681,0.0
1374,0.46428571428571425,1.0,1.0,0.7875000000000001,0.20289855072463767,0.0
1375,0.0,0.0,1.0,0.9750000000000001,0.014492753623188406,0.0
1376,0.07142857142857145,1.0,2.0,0.9375,0.6376811594202899,1.0
1377,0.16071428571428575,0.0,1.0,0.275,0.4492753623188406,0.0
1378,0.0,0.0,2.0,0.6000000000000001,0.18840579710144928,1.0
1379,0.9821428571428572,1.0,1.0,0.9375,0.2318840579710145,1.0
1380,0.21428571428571425,1.0,0.0,0.275,0.5362318840579711,0.0
1381,0.6785714285714286,0.0,2.0,0.8125,0.4492753623188406,0.0
1382,0.6428571428571428,0.0,1.0,0.9750000000000001,0.463768115942029,0.0
1383,0.5714285714285714,1.0,0.0,0.775,0.391304347826087,0.0
1384,0.5892857142857142,1.0,0.0,0.025000000000000022,0.43478260869565216,1.0
1385,0.75,0.0,1.0,0.525,0.14492753623188406,0.0
1386,0.6428571428571428,1.0,1.0,0.08750000000000002,0.07246376811594203,1.0
1387,0.25000000000000006,0.0,0.0,0.28750000000000003,0.5797101449275363,1.0
1388,0.16071428571428575,1.0,1.0,0.125,0.5072463768115942,0.0
1389,0.32142857142857145,1.0,0.0,0.7875000000000001,0.2898550724637681,0.0
1390,0.7142857142857144,0.0,2.0,0.5375000000000001,0.0,1.0
1391,0.5892857142857142,0.0,0.0,0.6625000000000001,0.4782608695652174,0.0
1392,0.07142857142857145,0.0,1.0,0.0625,0.2753623188405797,0.0
1393,0.23214285714285715,1.0,2.0,0.925,0.20289855072463767,1.0
1394,0.7321428571428572,0.0,1.0,0.17500000000000004,0.7681159420289856,0.0
1395,0.28571428571428575,1.0,0.0,0.35,0.5072463768115942,0.0
1396,0.9285714285714286,0.0,0.0,0.6000000000000001,0.36231884057971014,0.0
1397,0.19642857142857145,0.0,2.0,0.8875,0.7101449275362319,1.0
1398,0.9642857142857144,0.0,1.0,0.8125,0.5652173913043479,1.0
1399,0.30357142857142855,0.0,0.0,0.475,0.5072463768115942,1.0
1400,0.32142857142857145,1.0,2.0,0.675,1.0,1.0
1401,0.0,1.0,1.0,0.1375,0.9855072463768116,0.0
1402,0.10714285714285715,0.0,2.0,0.2,0.18840579710144928,0.0
1403,0.6785714285714286,1.0,2.0,0.9375,0.014492753623188406,0.0
1404,0.9107142857142858,0.0,0.0,0.675,0.2318840579710145,0.0
1405,0.9821428571428572,0.0,2.0,0.9875,0.7536231884057971,1.0
1406,0.19642857142857145,1.0,1.0,0.10000000000000003,0.6231884057971016,1.0
1407,0.8928571428571428,1.0,2.0,0.8375000000000001,0.9420289855072465,0.0
1408,0.5178571428571428,0.0,1.0,0.21250000000000002,0.8115942028985508,0.0
1409,0.28571428571428575,1.0,1.0,0.30000000000000004,0.8840579710144928,0.0
1410,0.6607142857142858,0.0,2.0,0.08750000000000002,0.7971014492753624,0.0
1411,0.28571428571428575,1.0,1.0,0.275,0.40579710144927533,1.0
1412,0.6964285714285714,1.0,2.0,0.4625,0.2608695652173913,1.0
1413,0.035714285714285754,0.0,1.0,0.7000000000000001,0.057971014492753624,0.0
1414,0.33928571428571425,1.0,0.0,0.07500000000000001,1.0,0.0
1415,0.48214285714285715,1.0,0.0,0.07500000000000001,0.6811594202898551,1.0
1416,0.6607142857142858,1.0,2.0,0.9125000000000001,0.2608695652173913,1.0
1417,0.48214285714285715,1.0,2.0,0.125,0.7101449275362319,1.0
1418,0.32142857142857145,1.0,2.0,0.6625000000000001,0.0,0.0
1419,0.8214285714285714,0.0,1.0,0.6875,0.18840579710144928,0.0
1420,0.23214285714285715,1.0,2.0,0.45000000000000007,0.10144927536231885,0.0
1421,0.6785714285714286,0.0,2.0,0.48750000000000004,0.014492753623188406,0.0
1422,0.0892857142857143,0.0,1.0,0.8625,0.5797101449275363,1.0
1423,0.10714285714285715,0.0,0.0,0.6375000000000001,0.4782608695652174,1.0
1424,0.6428571428571428,1.0,2.0,0.48750000000000004,1.0,1.0
1425,0.6785714285714286,0.0,2.0,0.2625,0.2608695652173913,0.0
1426,0.49999999999999994,1.0,1.0,0.775,0.2753623188405797,1.0
1427,0.07142857142857145,1.0,1.0,0.3375,0.3188405797101449,1.0
1428,0.8392857142857144,1.0,2.0,0.10000000000000003,0.8115942028985508,1.0
1429,0.23214285714285715,1.0,2.0,0.16250000000000003,0.8840579710144928,0.0
1430,0.8214285714285714,0.0,0.0,0.037500000000000006,0.14492753623188406,1.0
1431,0.6785714285714286,0.0,1.0,0.36250000000000004,0.5652173913043479,0.0
1432,0.16071428571428575,0.0,2.0,0.4375,0.17391304347826086,0.0
1433,0.9821428571428572,0.0,2.0,0.9375,0.5362318840579711,0.0
1434,0.32142857142857145,1.0,2.0,0.5750000000000001,0.14492753623188406,0.0
1435,0.28571428571428575,1.0,1.0,0.1875,0.5652173913043479,0.0
1436,0.7142857142857144,0.0,2.0,0.21250000000000002,0.13043478260869565,1.0
1437,0.35714285714285715,0.0,0.0,0.925,0.057971014492753624,1.0
1438,0.9821428571428572,0.0,0.0,0.05000000000000002,0.5652173913043479,1.0
1439,0.19642857142857145,0.0,1.0,0.0,0.7971014492753624,0.0
1440,0.33928571428571425,1.0,2.0,0.125,0.6521739130434783,1.0
1441,0.42857142857142855,0.0,1.0,0.10000000000000003,0.42028985507246375,0.0
1442,0.7857142857142858,1.0,2.0,0.675,0.10144927536231885,0.0
1443,0.07142857142857145,0.0,2.0,0.4625,0.7536231884057971,1.0
1444,0.42857142857142855,0.0,2.0,0.8875,0.30434782608695654,0.0
1445,0.7857142857142858,1.0,0.0,0.375,0.7391304347826088,0.0
1446,0.5357142857142858,0.0,2.0,0.08750000000000002,0.8695652173913044,0.0
1447,0.17857142857142855,1.0,2.0,0.7375,0.07246376811594203,0.0
1448,0.7321428571428572,1.0,1.0,0.1875,0.15942028985507245,0.0
1449,0.46428571428571425,0.0,1.0,0.75,0.7246376811594204,1.0
1450,0.8035714285714286,0.0,1.0,0.36250000000000004,0.7391304347826088,1.0
1451,0.30357142857142855,1.0,0.0,0.9875,0.36231884057971014,0.0
1452,0.6428571428571428,1.0,1.0,0.6625000000000001,0.4782608695652174,1.0
1453,0.14285714285714285,0.0,2.0,0.5125000000000001,0.7391304347826088,0.0
1454,0.17857142857142855,0.0,0.0,0.35,0.5507246376811594,0.0
1455,0.07142857142857145,1.0,0.0,0.9375,0.014492753623188406,1.0
1456,0.42857142857142855,1.0,2.0,1.0,0.7246376811594204,1.0
1457,0.8035714285714286,0.0,1.0,0.95,0.3333333333333333,0.0
1458,0.7857142857142858,1.0,2.0,0.5125000000000001,0.5797101449275363,0.0
1459,0.625,1.0,1.0,0.8375000000000001,0.14492753623188406,0.0
1460,0.9107142857142858,0.0,1.0,0.35,0.6521739130434783,1.0
1461,0.10714285714285715,0.0,0.0,0.9750000000000001,0.8260869565217391,1.0
1462,0.33928571428571425,1.0,0.0,0.32500000000000007,0.24637681159420288,0.0
1463,0.75,0.0,2.0,0.36250000000000004,0.7681159420289856,1.0
1464,0.7321428571428572,0.0,1.0,0.1875,0.7681159420289856,1.0
1465,0.35714285714285715,1.0,1.0,0.375,0.5652173913043479,0.0
1466,0.19642857142857145,1.0,0.0,0.012500000000000011,0.057971014492753624,0.0
1467,0.5178571428571428,1.0,2.0,1.0,0.18840579710144928,1.0
1468,0.035714285714285754,1.0,1.0,0.275,0.43478260869565216,1.0
1469,0.5178571428571428,0.0,1.0,0.05000000000000002,0.40579710144927533,1.0
1470,0.14285714285714285,0.0,0.0,0.6125,0.463768115942029,0.0
1471,0.30357142857142855,0.0,2.0,0.3375,0.7536231884057971,0.0
1472,0.25000000000000006,0.0,1.0,0.22500000000000003,0.6376811594202899,1.0
1473,0.17857142857142855,0.0,0.0,0.6625000000000001,0.057971014492753624,1.0
1474,0.125,1.0,1.0,0.9750000000000001,1.0,1.0
1475,0.37499999999999994,1.0,1.0,0.8375000000000001,0.8985507246376813,0.0
1476,0.28571428571428575,0.0,0.0,0.8500000000000001,0.15942028985507245,1.0
1477,0.42857142857142855,0.0,0.0,0.4,0.463768115942029,0.0
1478,0.0535714285714286,0.0,1.0,0.65,0.6376811594202899,0.0
1479,1.0,1.0,2.0,0.1875,0.30434782608695654,0.0
1480,0.46428571428571425,1.0,0.0,0.675,0.15942028985507245,1.0
1481,0.9642857142857144,0.0,0.0,0.23750000000000004,0.3333333333333333,1.0
1482,0.8214285714285714,0.0,1.0,0.525,0.6521739130434783,1.0
1483,0.8571428571428572,1.0,0.0,0.9750000000000001,0.6811594202898551,0.0
1484,0.30357142857142855,1.0,2.0,0.45000000000000007,0.7391304347826088,1.0
1485,0.35714285714285715,0.0,2.0,0.775,0.2608695652173913,1.0
1486,0.25000000000000006,1.0,1.0,0.1375,0.9710144927536233,0.0
1487,0.25000000000000006,0.0,2.0,0.28750000000000003,0.7971014492753624,0.0
1488,0.39285714285714285,0.0,2.0,0.1375,0.10144927536231885,1.0
1489,0.17857142857142855,0.0,1.0,0.875,0.18840579710144928,1.0
1490,0.7142857142857144,0.0,1.0,0.22500000000000003,0.42028985507246375,0.0
1491,0.42857142857142855,0.0,0.0,0.375,0.43478260869565216,0.0
1492,0.19642857142857145,1.0,1.0,0.9375,0.08695652173913045,1.0
1493,0.7321428571428572,0.0,2.0,1.0,0.391304347826087,1.0
1494,0.14285714285714285,1.0,2.0,0.525,0.15942028985507245,0.0
1495,0.875,0.0,2.0,0.6875,0.3188405797101449,1.0
1496,0.26785714285714285,1.0,1.0,0.6125,0.07246376811594203,0.0
1497,0.26785714285714285,0.0,2.0,0.775,0.11594202898550725,0.0
1498,0.5357142857142858,0.0,1.0,0.925,0.42028985507246375,1.0
1499,0.7678571428571428,0.0,2.0,0.9375,0.7971014492753624,0.0
1500,0.42857142857142855,0.0,0.0,0.8375000000000001,0.2608695652173913,1.0
1501,0.8214285714285714,1.0,1.0,0.9375,0.4927536231884058,0.0
1502,0.10714285714285715,0.0,2.0,0.45000000000000007,0.8405797101449276,1.0
1503,0.7678571428571428,1.0,0.0,0.45000000000000007,0.43478260869565216,1.0
1504,0.01785714285714285,0.0,0.0,0.1375,0.5797101449275363,0.0
1505,0.6964285714285714,0.0,1.0,0.875,0.2898550724637681,1.0
1506,0.7678571428571428,1.0,2.0,0.825,0.9855072463768116,0.0
1507,0.01785714285714285,0.0,1.0,0.55,0.10144927536231885,0.0
1508,0.48214285714285715,0.0,0.0,0.30000000000000004,0.10144927536231885,0.0
1509,0.35714285714285715,1.0,0.0,0.9750000000000001,0.8405797101449276,0.0
1510,0.17857142857142855,0.0,2.0,0.6125,0.36231884057971014,1.0
1511,0.5357142857142858,1.0,2.0,0.23750000000000004,0.9565217391304348,0.0
1512,0.8214285714285714,1.0,0.0,0.825,0.8840579710144928,0.0
1513,0.9285714285714286,0.0,0.0,0.4,0.463768115942029,1.0
1514,0.7678571428571428,0.0,1.0,0.475,0.391304347826087,1.0
1515,0.39285714285714285,0.0,1.0,0.42500000000000004,0.7681159420289856,1.0
1516,0.7678571428571428,0.0,0.0,0.11249999999999999,0.3188405797101449,1.0
1517,0.875,1.0,0.0,0.012500000000000011,0.043478260869565216,0.0
1518,0.625,1.0,2.0,0.5375000000000001,0.2608695652173913,1.0
1519,0.5178571428571428,1.0,1.0,0.5,0.02898550724637681,0.0
1520,0.7678571428571428,1.0,2.0,0.5125000000000001,0.6231884057971016,0.0
1521,0.26785714285714285,0.0,0.0,0.30000000000000004,0.7971014492753624,1.0
1522,0.7678571428571428,0.0,0.0,0.36250000000000004,0.8260869565217391,0.0
1523,0.9285714285714286,1.0,1.0,0.15000000000000002,0.10144927536231885,1.0
1524,0.7857142857142858,0.0,2.0,0.8125,0.20289855072463767,0.0
1525,0.0892857142857143,0.0,1.0,0.775,0.8840579710144928,0.0
1526,0.5892857142857142,1.0,0.0,0.8625,0.7681159420289856,0.0
1527,0.42857142857142855,0.0,0.0,0.025000000000000022,0.7536231884057971,1.0
1528,0.0892857142857143,0.0,1.0,0.375,0.3188405797101449,1.0
1529,0.035714285714285754,1.0,1.0,0.15000000000000002,0.463768115942029,1.0
1530,0.37499999999999994,1.0,0.0,0.6125,0.21739130434782608,0.0
1531,0.01785714285714285,0.0,0.0,0.8375000000000001,0.391304347826087,0.0
1532,0.42857142857142855,0.0,2.0,0.925,0.9565217391304348,0.0
1533,0.14285714285714285,1.0,0.0,0.4125,0.36231884057971014,0.0
1534,0.5714285714285714,1.0,2.0,0.3125,0.17391304347826086,1.0
1535,0.46428571428571425,0.0,2.0,0.1375,0.5797101449275363,1.0
1536,0.49999999999999994,1.0,1.0,0.48750000000000004,0.17391304347826086,1.0
1537,0.6428571428571428,0.0,0.0,0.6375000000000001,0.8115942028985508,0.0
1538,0.41071428571428575,1.0,1.0,0.9375,0.6231884057971016,1.0
1539,0.16071428571428575,0.0,1.0,0.012500000000000011,0.0,1.0
1540,0.49999999999999994,0.0,1.0,0.9750000000000001,0.8405797101449276,0.0
1541,0.41071428571428575,1.0,1.0,0.4,0.9710144927536233,1.0
1542,0.8214285714285714,0.0,0.0,0.65,0.7246376811594204,0.0
1543,0.16071428571428575,0.0,1.0,0.32500000000000007,0.057971014492753624,1.0
1544,0.7142857142857144,0.0,1.0,0.6625000000000001,0.13043478260869565,1.0
1545,0.33928571428571425,1.0,0.0,0.7375,0.014492753623188406,0.0
1546,0.6428571428571428,1.0,2.0,0.8875,0.20289855072463767,1.0
1547,0.39285714285714285,1.0,2.0,0.4375,0.3333333333333333,0.0
1548,0.125,1.0,0.0,0.775,0.6811594202898551,0.0
1549,0.8035714285714286,1.0,0.0,0.6125,0.6956521739130436,1.0
1550,0.7678571428571428,0.0,0.0,0.1375,0.6376811594202899,1.0
1551,0.10714285714285715,1.0,1.0,0.925,0.42028985507246375,0.0
1552,0.10714285714285715,1.0,2.0,0.9875,0.9130434782608696,0.0
1553,0.30357142857142855,0.0,1.0,0.5625,0.42028985507246375,1.0
1554,0.17857142857142855,1.0,1.0,0.3125,0.6811594202898551,0.0
1555,0.5535714285714286,1.0,2.0,0.2625,0.5797101449275363,1.0
1556,0.30357142857142855,0.0,0.0,0.11249999999999999,0.7391304347826088,0.0
1557,0.5178571428571428,1.0,2.0,0.10000000000000003,0.2898550724637681,0.0
1558,0.9642857142857144,1.0,1.0,0.4,0.9420289855072465,1.0
1559,0.21428571428571425,0.0,2.0,0.23750000000000004,0.3188405797101449,1.0
1560,0.21428571428571425,1.0,1.0,0.375,0.5797101449275363,0.0
1561,0.7142857142857144,1.0,1.0,0.17500000000000004,0.36231884057971014,1.0
1562,0.37499999999999994,1.0,1.0,0.6625000000000001,0.5507246376811594,0.0
1563,0.5714285714285714,1.0,0.0,0.3375,0.7391304347826088,1.0
1564,0.33928571428571425,1.0,2.0,0.07500000000000001,0.5362318840579711,0.0
1565,0.9642857142857144,0.0,2.0,0.8,0.8840579710144928,1.0
1566,0.5357142857142858,0.0,2.0,0.1875,0.24637681159420288,0.0
1567,0.6428571428571428,1.0,0.0,0.6000000000000001,0.6666666666666667,1.0
1568,0.39285714285714285,0.0,0.0,0.07500000000000001,0.5072463768115942,1.0
1569,0.48214285714285715,0.0,0.0,0.16250000000000003,0.0,0.0
1570,0.035714285714285754,0.0,0.0,0.6875,0.7391304347826088,0.0
1571,0.21428571428571425,0.0,2.0,0.5375000000000001,0.9420289855072465,1.0
1572,0.37499999999999994,0.0,2.0,0.625,0.42028985507246375,0.0
1573,0.7142857142857144,0.0,2.0,0.07500000000000001,0.6376811594202899,1.0
1574,0.21428571428571425,0.0,1.0,0.1375,0.391304347826087,0.0
1575,0.8571428571428572,0.0,1.0,0.525,0.21739130434782608,0.0
1576,0.7678571428571428,1.0,1.0,0.95,0.36231884057971014,1.0
1577,0.8928571428571428,0.0,2.0,0.42500000000000004,0.36231884057971014,1.0
1578,0.7678571428571428,1.0,1.0,0.75,0.07246376811594203,0.0
1579,0.5535714285714286,1.0,0.0,0.9375,0.2608695652173913,0.0
1580,0.14285714285714285,0.0,2.0,0.15000000000000002,0.9710144927536233,1.0
1581,0.26785714285714285,0.0,2.0,0.36250000000000004,0.15942028985507245,1.0
1582,0.875,0.0,1.0,0.0,0.6231884057971016,1.0
1583,0.8392857142857144,1.0,2.0,0.2625,0.9565217391304348,1.0
1584,0.5357142857142858,0.0,2.0,0.5125000000000001,0.3333333333333333,1.0
1585,0.6607142857142858,1.0,0.0,0.012500000000000011,0.5797101449275363,0.0
1586,0.5892857142857142,0.0,0.0,0.4375,0.36231884057971014,1.0
1587,0.75,0.0,2.0,0.45000000000000007,0.014492753623188406,0.0
1588,0.0892857142857143,1.0,0.0,0.23750000000000004,0.34782608695652173,1.0
1589,0.8392857142857144,1.0,2.0,0.16250000000000003,0.7391304347826088,0.0
1590,0.32142857142857145,1.0,2.0,0.5,0.5507246376811594,0.0
1591,0.30357142857142855,0.0,1.0,0.825,0.6521739130434783,0.0
1592,0.8035714285714286,0.0,0.0,0.9875,0.927536231884058,1.0
1593,0.46428571428571425,0.0,1.0,0.08750000000000002,0.7971014492753624,0.0
1594,0.7142857142857144,0.0,0.0,0.8375000000000001,0.6666666666666667,1.0
1595,0.26785714285714285,1.0,1.0,0.6125,0.6521739130434783,0.0
1596,0.7321428571428572,0.0,0.0,0.4125,0.463768115942029,0.0
1597,0.035714285714285754,1.0,1.0,0.22500000000000003,0.07246376811594203,0.0
1598,0.9464285714285714,1.0,2.0,0.7375,0.6666666666666667,1.0
1599,0.5357142857142858,0.0,2.0,0.625,0.2753623188405797,0.0
1600,0.26785714285714285,1.0,1.0,0.025000000000000022,0.9855072463768116,0.0
1601,0.625,1.0,1.0,0.25,0.927536231884058,1.0
1602,0.625,0.0,1.0,0.75,0.7101449275362319,0.0
1603,0.5535714285714286,0.0,2.0,0.0,0.8405797101449276,0.0
1604,0.8928571428571428,0.0,0.0,0.1875,0.17391304347826086,0.0
1605,0.07142857142857145,0.0,1.0,0.22500000000000003,0.9565217391304348,0.0
1606,0.875,1.0,1.0,0.48750000000000004,0.36231884057971014,1.0
1607,0.7857142857142858,0.0,0.0,0.45000000000000007,0.6666666666666667,1.0
1608,0.17857142857142855,0.0,2.0,0.475,0.4492753623188406,1.0
1609,0.625,1.0,2.0,0.875,0.8840579710144928,0.0
1610,0.9821428571428572,1.0,1.0,0.8375000000000001,0.8840579710144928,1.0
1611,0.6785714285714286,1.0,2.0,0.275,0.11594202898550725,0.0
1612,0.26785714285714285,1.0,2.0,0.0,0.927536231884058,1.0
1613,0.8928571428571428,1.0,0.0,0.475,0.6956521739130436,0.0
1614,0.41071428571428575,0.0,2.0,0.75,0.057971014492753624,0.0
1615,0.5714285714285714,0.0,0.0,0.9625000000000001,0.43478260869565216,1.0
1616,0.42857142857142855,1.0,2.0,0.7875000000000001,0.10144927536231885,0.0
1617,0.49999999999999994,1.0,2.0,0.4375,0.2318840579710145,1.0
1618,0.125,0.0,2.0,0.07500000000000001,0.02898550724637681,1.0
1619,0.48214285714285715,1.0,2.0,0.05000000000000002,0.5217391304347827,1.0
1620,0.9642857142857144,1.0,0.0,0.5750000000000001,0.9420289855072465,0.0
1621,0.8392857142857144,1.0,2.0,0.65,0.36231884057971014,0.0
1622,0.9285714285714286,0.0,2.0,0.9875,0.02898550724637681,0.0
1623,0.48214285714285715,1.0,0.0,0.45000000000000007,0.43478260869565216,0.0
1624,0.7678571428571428,0.0,2.0,0.17500000000000004,0.40579710144927533,0.0
1625,0.07142857142857145,1.0,2.0,0.08750000000000002,0.4492753623188406,0.0
1626,0.625,1.0,0.0,0.32500000000000007,0.5507246376811594,1.0
1627,0.14285714285714285,0.0,1.0,0.5875,0.2753623188405797,1.0
1628,0.17857142857142855,1.0,2.0,0.8375000000000001,0.6376811594202899,0.0
1629,0.37499999999999994,1.0,0.0,0.025000000000000022,0.463768115942029,0.0
1630,0.8214285714285714,1.0,0.0,0.5375000000000001,0.0,0.0
1631,0.6607142857142858,1.0,2.0,0.825,0.4927536231884058,1.0
1632,0.21428571428571425,0.0,1.0,0.0625,0.8695652173913044,0.0
1633,0.5714285714285714,1.0,2.0,0.275,0.9710144927536233,0.0
1634,1.0,0.0,2.0,0.5625,0.6666666666666667,1.0
1635,0.9821428571428572,1.0,1.0,0.1875,0.40579710144927533,0.0
1636,0.75,0.0,1.0,0.9000000000000001,0.5507246376811594,1.0
1637,0.8214285714285714,0.0,2.0,0.9750000000000001,0.014492753623188406,1.0
1638,0.16071428571428575,1.0,2.0,0.375,0.9565217391304348,0.0
1639,0.7678571428571428,0.0,2.0,0.7000000000000001,0.9855072463768116,0.0
1640,0.75,1.0,1.0,0.6000000000000001,0.2753623188405797,1.0
1641,0.0892857142857143,1.0,0.0,0.55,0.6521739130434783,0.0
1642,0.8928571428571428,1.0,2.0,0.7875000000000001,0.21739130434782608,0.0
1643,0.42857142857142855,0.0,0.0,0.675,0.17391304347826086,0.0
1644,0.16071428571428575,0.0,2.0,0.825,0.15942028985507245,1.0
1645,0.9821428571428572,0.0,2.0,0.7875000000000001,0.6086956521739131,0.0
1646,0.41071428571428575,1.0,2.0,0.42500000000000004,0.3188405797101449,1.0
1647,0.9642857142857144,1.0,1.0,0.42500000000000004,0.4492753623188406,0.0
1648,0.9107142857142858,0.0,2.0,0.9875,0.2608695652173913,1.0
1649,0.14285714285714285,0.0,1.0,0.475,0.3188405797101449,1.0
1650,0.42857142857142855,1.0,2.0,0.6375000000000001,0.8260869565217391,1.0
1651,0.9642857142857144,0.0,0.0,0.21250000000000002,0.9855072463768116,0.0
1652,0.8035714285714286,0.0,0.0,0.75,0.391304347826087,0.0
1653,0.9285714285714286,1.0,2.0,0.0625,0.057971014492753624,0.0
1654,0.5357142857142858,0.0,0.0,0.11249999999999999,0.42028985507246375,1.0
1655,0.49999999999999994,1.0,0.0,0.8875,0.7391304347826088,1.0
1656,0.875,0.0,2.0,0.525,0.9710144927536233,0.0
1657,0.6071428571428572,1.0,1.0,0.6625000000000001,0.7101449275362319,1.0
1658,0.875,0.0,1.0,0.05000000000000002,0.2608695652173913,1.0
1659,0.8571428571428572,0.0,1.0,0.7625000000000001,0.9130434782608696,0.0
1660,0.41071428571428575,0.0,2.0,0.6375000000000001,0.014492753623188406,1.0
1661,0.8214285714285714,0.0,0.0,0.4,0.9710144927536233,1.0
1662,0.10714285714285715,0.0,0.0,0.5,0.24637681159420288,0.0
1663,0.6607142857142858,1.0,0.0,0.3375,0.7536231884057971,0.0
1664,0.37499999999999994,1.0,0.0,0.6625000000000001,1.0,1.0
1665,0.035714285714285754,1.0,1.0,0.025000000000000022,0.5217391304347827,0.0
1666,0.32142857142857145,1.0,1.0,0.4,0.2318840579710145,1.0
1667,0.26785714285714285,1.0,0.0,0.9750000000000001,0.8405797101449276,0.0
1668,0.5892857142857142,0.0,2.0,0.8125,0.855072463768116,0.0
1669,0.37499999999999994,1.0,0.0,0.75,0.6811594202898551,0.0
1670,0.26785714285714285,0.0,2.0,0.4,0.40579710144927533,1.0
1671,0.32142857142857145,0.0,1.0,1.0,0.9565217391304348,1.0
1672,0.01785714285714285,0.0,2.0,0.4375,0.9855072463768116,1.0
1673,0.10714285714285715,0.0,0.0,0.42500000000000004,0.20289855072463767,1.0
1674,0.8214285714285714,1.0,2.0,0.6625000000000001,0.043478260869565216,0.0
1675,0.8928571428571428,1.0,2.0,0.925,0.36231884057971014,0.0
1676,0.8571428571428572,1.0,0.0,0.48750000000000004,0.20289855072463767,0.0
1677,0.8035714285714286,1.0,0.0,0.5375000000000001,0.43478260869565216,0.0
1678,0.10714285714285715,1.0,0.0,0.8875,0.391304347826087,0.0
1679,0.125,0.0,2.0,0.8875,0.2753623188405797,1.0
1680,0.5535714285714286,0.0,0.0,0.5125000000000001,0.08695652173913045,1.0
1681,0.8214285714285714,0.0,0.0,0.35,0.42028985507246375,1.0
1682,0.035714285714285754,0.0,2.0,0.1375,0.4492753623188406,1.0
1683,0.35714285714285715,1.0,2.0,0.375,0.9855072463768116,1.0
1684,0.5535714285714286,0.0,1.0,0.2625,0.4927536231884058,1.0
1685,0.44642857142857145,0.0,0.0,0.025000000000000022,0.3188405797101449,0.0
1686,0.6607142857142858,0.0,1.0,0.5375000000000001,0.8840579710144928,1.0
1687,0.01785714285714285,1.0,0.0,0.4,0.40579710144927533,1.0
1688,0.37499999999999994,0.0,2.0,0.1875,0.7101449275362319,1.0
1689,0.9821428571428572,0.0,1.0,0.22500000000000003,0.07246376811594203,1.0
1690,0.8214285714285714,1.0,0.0,0.07500000000000001,0.7681159420289856,1.0
1691,0.26785714285714285,0.0,1.0,0.08750000000000002,0.5362318840579711,1.0
1692,0.6785714285714286,0.0,1.0,0.5,0.4492753623188406,0.0
1693,0.8035714285714286,0.0,2.0,0.95,0.7536231884057971,0.0
1694,0.19642857142857145,0.0,1.0,0.17500000000000004,0.10144927536231885,1.0
1695,0.9821428571428572,0.0,0.0,0.7375,0.6956521739130436,0.0
1696,0.30357142857142855,0.0,1.0,0.025000000000000022,0.043478260869565216,1.0
1697,0.8214285714285714,1.0,0.0,0.275,0.07246376811594203,0.0
1698,0.5357142857142858,1.0,2.0,0.4125,0.043478260869565216,1.0
1699,0.8035714285714286,1.0,0.0,0.5375000000000001,0.8115942028985508,0.0
1700,0.49999999999999994,1.0,1.0,0.3125,0.8405797101449276,0.0
1701,0.21428571428571425,1.0,0.0,0.9750000000000001,0.014492753623188406,1.0
1702,0.625,0.0,1.0,0.475,0.2318840579710145,0.0
1703,0.48214285714285715,1.0,0.0,0.95,0.30434782608695654,0.0
1704,0.9821428571428572,0.0,0.0,0.9000000000000001,0.37681159420289856,1.0
1705,0.49999999999999994,1.0,2.0,0.4125,0.8840579710144928,1.0
1706,0.5357142857142858,1.0,2.0,0.05000000000000002,0.9710144927536233,1.0
1707,0.0535714285714286,0.0,2.0,0.0,0.20289855072463767,1.0
1708,0.01785714285714285,1.0,0.0,0.22500000000000003,0.5072463768115942,1.0
1709,0.46428571428571425,0.0,2.0,0.5750000000000001,0.3333333333333333,1.0
1710,0.19642857142857145,0.0,1.0,0.3375,0.782608695652174,0.0
1711,0.19642857142857145,1.0,0.0,0.38750000000000007,0.5797101449275363,1.0
1712,0.8928571428571428,0.0,2.0,0.32500000000000007,0.20289855072463767,0.0
1713,0.9285714285714286,1.0,2.0,0.25,0.5652173913043479,1.0
1714,0.46428571428571425,0.0,2.0,0.45000000000000007,0.9855072463768116,1.0
1715,0.25000000000000006,0.0,2.0,0.375,0.5942028985507247,1.0
1716,0.5357142857142858,0.0,2.0,0.17500000000000004,0.2318840579710145,1.0
1717,0.5892857142857142,0.0,2.0,0.7250000000000001,0.2608695652173913,0.0
1718,0.9821428571428572,1.0,0.0,0.012500000000000011,0.6086956521739131,1.0
1719,0.26785714285714285,1.0,0.0,0.9750000000000001,0.043478260869565216,0.0
1720,0.5892857142857142,1.0,2.0,0.7625000000000001,0.927536231884058,1.0
1721,0.5892857142857142,1.0,1.0,0.25,0.5652173913043479,1.0
1722,0.30357142857142855,1.0,2.0,0.3125,0.6666666666666667,1.0
1723,0.875,1.0,1.0,0.16250000000000003,0.5217391304347827,0.0
1724,0.19642857142857145,1.0,1.0,0.6875,0.391304347826087,0.0
1725,0.6785714285714286,0.0,2.0,0.25,0.6956521739130436,1.0
1726,0.0,0.0,0.0,0.775,0.5797101449275363,1.0
1727,0.0535714285714286,1.0,2.0,0.625,0.07246376811594203,0.0
1728,0.5714285714285714,0.0,0.0,0.7125,0.391304347826087,0.0
1729,0.6071428571428572,1.0,1.0,0.07500000000000001,0.11594202898550725,1.0
1730,0.17857142857142855,1.0,2.0,0.15000000000000002,0.9855072463768116,0.0
1731,0.21428571428571425,0.0,2.0,0.5125000000000001,1.0,0.0
1732,0.75,1.0,1.0,0.65,0.34782608695652173,1.0
1733,0.9821428571428572,0.0,0.0,0.7375,0.43478260869565216,0.0
1734,0.21428571428571425,0.0,2.0,0.012500000000000011,0.5507246376811594,1.0
1735,0.0,0.0,0.0,0.35,0.2753623188405797,1.0
1736,0.125,0.0,0.0,0.08750000000000002,0.08695652173913045,0.0
1737,0.26785714285714285,1.0,2.0,0.1875,0.6376811594202899,0.0
1738,0.9642857142857144,1.0,0.0,0.4125,0.057971014492753624,0.0
1739,0.5357142857142858,0.0,1.0,0.5375000000000001,0.5217391304347827,0.0
1740,0.8571428571428572,1.0,0.0,0.9000000000000001,0.6811594202898551,0.0
1741,0.9642857142857144,0.0,1.0,0.23750000000000004,0.6231884057971016,0.0
1742,0.46428571428571425,0.0,2.0,0.11249999999999999,0.6956521739130436,1.0
1743,0.28571428571428575,0.0,1.0,0.7125,0.391304347826087,0.0
1744,0.0535714285714286,0.0,2.0,0.7125,1.0,1.0
1745,0.7678571428571428,1.0,0.0,0.8500000000000001,0.5652173913043479,0.0
1746,0.6785714285714286,0.0,0.0,0.1375,0.13043478260869565,0.0
1747,0.42857142857142855,0.0,0.0,0.05000000000000002,0.5797101449275363,1.0
1748,0.8571428571428572,1.0,2.0,0.1875,0.8405797101449276,0.0
1749,0.7857142857142858,1.0,1.0,0.16250000000000003,0.21739130434782608,0.0
1750,0.8571428571428572,1.0,2.0,0.2,0.37681159420289856,1.0
1751,0.9107142857142858,1.0,0.0,0.07500000000000001,0.7536231884057971,1.0
1752,0.10714285714285715,0.0,2.0,0.875,0.6811594202898551,1.0
1753,0.6071428571428572,0.0,2.0,0.8125,0.20289855072463767,1.0
1754,0.41071428571428575,1.0,0.0,0.3125,0.5362318840579711,0.0
1755,0.39285714285714285,1.0,2.0,0.025000000000000022,0.2898550724637681,1.0
1756,0.25000000000000006,0.0,2.0,0.625,0.057971014492753624,0.0
1757,0.44642857142857145,0.0,2.0,0.32500000000000007,0.927536231884058,0.0
1758,0.8035714285714286,0.0,1.0,0.4625,0.7101449275362319,1.0
1759,0.32142857142857145,1.0,2.0,0.6875,0.07246376811594203,1.0
1760,0.9464285714285714,0.0,2.0,0.5125000000000001,0.20289855072463767,1.0
1761,0.75,1.0,0.0,0.21250000000000002,0.17391304347826086,1.0
1762,0.5357142857142858,0.0,0.0,0.525,0.20289855072463767,0.0
1763,0.37499999999999994,0.0,0.0,0.28750000000000003,0.7246376811594204,1.0
1764,0.16071428571428575,1.0,1.0,0.28750000000000003,0.18840579710144928,0.0
1765,0.44642857142857145,1.0,0.0,0.5625,0.15942028985507245,0.0
1766,0.6785714285714286,1.0,0.0,0.95,0.11594202898550725,0.0
1767,0.6607142857142858,0.0,2.0,0.6000000000000001,0.9130434782608696,0.0
1768,0.33928571428571425,1.0,2.0,0.5,0.014492753623188406,0.0
1769,0.8214285714285714,1.0,0.0,0.925,0.5072463768115942,1.0
1770,0.19642857142857145,1.0,0.0,0.5750000000000001,0.463768115942029,1.0
1771,0.8928571428571428,0.0,2.0,0.21250000000000002,0.4782608695652174,1.0
1772,0.6785714285714286,1.0,2.0,0.30000000000000004,0.07246376811594203,1.0
1773,0.32142857142857145,0.0,2.0,0.675,0.8260869565217391,1.0
1774,0.32142857142857145,1.0,0.0,0.55,0.927536231884058,1.0
1775,0.9821428571428572,0.0,2.0,0.5875,0.5217391304347827,0.0
1776,0.48214285714285715,1.0,0.0,0.0,0.5652173913043479,1.0
1777,0.7857142857142858,1.0,2.0,0.75,0.37681159420289856,1.0
1778,0.125,1.0,2.0,0.42500000000000004,0.9565217391304348,0.0
1779,1.0,1.0,1.0,0.3375,0.6666666666666667,1.0
1780,0.7321428571428572,1.0,1.0,0.3375,0.927536231884058,1.0
1781,0.01785714285714285,0.0,1.0,0.75,0.13043478260869565,1.0
1782,0.5535714285714286,1.0,2.0,0.42500000000000004,0.5507246376811594,1.0
1783,0.6428571428571428,1.0,1.0,0.3375,0.043478260869565216,1.0
1784,0.5357142857142858,0.0,2.0,0.2,0.9565217391304348,0.0
1785,0.8928571428571428,0.0,1.0,0.23750000000000004,0.7971014492753624,1.0
1786,0.6071428571428572,0.0,0.0,0.45000000000000007,0.4927536231884058,1.0
1787,0.25000000000000006,1.0,0.0,0.22500000000000003,0.08695652173913045,0.0
1788,0.49999999999999994,0.0,1.0,0.17500000000000004,0.2753623188405797,1.0
1789,0.9642857142857144,0.0,1.0,0.75,0.9855072463768116,0.0
1790,0.07142857142857145,1.0,0.0,0.475,0.6956521739130436,1.0
1791,0.33928571428571425,0.0,2.0,0.4125,0.24637681159420288,1.0
1792,0.9642857142857144,1.0,0.0,0.28750000000000003,0.5217391304347827,0.0
1793,0.8035714285714286,0.0,2.0,0.16250000000000003,0.5797101449275363,0.0
1794,0.875,1.0,1.0,0.95,0.17391304347826086,1.0
1795,0.5714285714285714,0.0,0.0,0.15000000000000002,0.057971014492753624,0.0
1796,0.14285714285714285,1.0,0.0,0.825,0.7536231884057971,1.0
1797,0.26785714285714285,0.0,1.0,0.525,0.7971014492753624,0.0
1798,0.6964285714285714,0.0,0.0,0.1375,0.4492753623188406,1.0
1799,0.035714285714285754,1.0,0.0,0.475,0.11594202898550725,0.0
1800,0.7678571428571428,0.0,0.0,0.22500000000000003,0.8405797101449276,0.0
1801,0.0892857142857143,0.0,2.0,0.21250000000000002,0.07246376811594203,1.0
1802,0.30357142857142855,0.0,0.0,0.5375000000000001,0.014492753623188406,0.0
1803,0.21428571428571425,1.0,0.0,0.5,0.08695652173913045,0.0
1804,0.8214285714285714,0.0,2.0,0.012500000000000011,0.14492753623188406,0.0
1805,0.30357142857142855,0.0,2.0,0.1875,0.6811594202898551,1.0
1806,0.0892857142857143,0.0,1.0,0.275,0.14492753623188406,1.0
1807,0.14285714285714285,0.0,2.0,0.15000000000000002,0.057971014492753624,1.0
1808,0.6428571428571428,0.0,1.0,0.45000000000000007,0.7681159420289856,0.0
1809,0.8928571428571428,0.0,0.0,0.22500000000000003,0.20289855072463767,0.0
1810,0.32142857142857145,1.0,0.0,0.95,0.42028985507246375,0.0
1811,0.125,0.0,1.0,0.4,0.02898550724637681,0.0
1812,0.9821428571428572,1.0,1.0,0.65,0.18840579710144928,0.0
1813,0.32142857142857145,0.0,0.0,0.475,0.3188405797101449,0.0
1814,0.17857142857142855,0.0,1.0,0.0,0.13043478260869565,1.0
1815,0.6607142857142858,0.0,0.0,0.3375,0.855072463768116,1.0
1816,0.25000000000000006,1.0,2.0,0.11249999999999999,0.4927536231884058,0.0
1817,0.8392857142857144,0.0,1.0,0.5125000000000001,0.14492753623188406,0.0
1818,0.25000000000000006,0.0,1.0,0.7375,0.855072463768116,1.0
1819,0.25000000000000006,0.0,0.0,0.025000000000000022,0.9855072463768116,0.0
1820,0.75,1.0,2.0,0.32500000000000007,0.043478260869565216,0.0
1821,0.5892857142857142,1.0,1.0,0.32500000000000007,0.42028985507246375,0.0
1822,0.28571428571428575,0.0,0.0,0.6875,0.3188405797101449,0.0
1823,0.28571428571428575,1.0,0.0,0.35,0.3333333333333333,1.0
1824,0.5535714285714286,0.0,1.0,0.4625,0.782608695652174,0.0
1825,0.8214285714285714,1.0,0.0,0.4,0.30434782608695654,1.0
1826,0.35714285714285715,1.0,2.0,0.275,0.2608695652173913,0.0
1827,0.9107142857142858,1.0,1.0,0.8625,0.3188405797101449,0.0
1828,0.0892857142857143,0.0,2.0,0.1875,0.9565217391304348,0.0
1829,0.625,1.0,2.0,0.5750000000000001,0.6086956521739131,0.0
1830,0.7321428571428572,0.0,1.0,0.16250000000000003,0.18840579710144928,0.0
1831,0.8392857142857144,1.0,2.0,0.8,0.9130434782608696,1.0
1832,0.125,1.0,0.0,0.3125,0.7101449275362319,1.0
1833,0.6785714285714286,1.0,1.0,0.037500000000000006,0.8695652173913044,0.0
1834,0.9285714285714286,0.0,0.0,0.6375000000000001,0.6231884057971016,0.0
1835,0.30357142857142855,0.0,2.0,0.9625000000000001,0.17391304347826086,1.0
1836,0.6785714285714286,0.0,2.0,0.9750000000000001,0.9710144927536233,0.0
1837,0.0892857142857143,1.0,0.0,0.35,0.07246376811594203,1.0
1838,0.10714285714285715,1.0,2.0,0.925,0.13043478260869565,0.0
1839,0.9821428571428572,0.0,2.0,0.9375,0.6376811594202899,1.0
1840,0.35714285714285715,0.0,1.0,0.10000000000000003,0.8695652173913044,1.0
1841,0.07142857142857145,0.0,2.0,0.5625,0.37681159420289856,0.0
1842,0.5892857142857142,1.0,1.0,0.8375000000000001,0.8260869565217391,1.0
1843,0.5892857142857142,0.0,2.0,0.0625,0.24637681159420288,0.0
1844,0.48214285714285715,0.0,1.0,0.5375000000000001,0.391304347826087,1.0
1845,0.0,1.0,2.0,0.625,0.4782608695652174,0.0
1846,0.6071428571428572,1.0,1.0,0.3125,0.5362318840579711,1.0
1847,0.01785714285714285,1.0,0.0,0.4,0.2318840579710145,0.0
1848,0.8214285714285714,1.0,2.0,0.375,0.14492753623188406,0.0
1849,0.41071428571428575,1.0,2.0,0.8125,0.7391304347826088,0.0
1850,1.0,0.0,0.0,0.4375,0.7246376811594204,1.0
1851,0.5535714285714286,1.0,0.0,0.2,0.36231884057971014,0.0
1852,1.0,1.0,1.0,0.0625,0.4492753623188406,0.0
1853,0.26785714285714285,1.0,1.0,0.11249999999999999,0.8405797101449276,1.0
1854,0.125,0.0,1.0,0.6875,0.37681159420289856,1.0
1855,0.5714285714285714,1.0,1.0,0.675,0.2898550724637681,0.0
1856,1.0,1.0,0.0,0.8625,0.5942028985507247,0.0
1857,0.9464285714285714,1.0,2.0,0.10000000000000003,0.6376811594202899,1.0
1858,0.8214285714285714,1.0,2.0,0.9000000000000001,0.9855072463768116,0.0
1859,0.9642857142857144,0.0,2.0,0.3375,0.02898550724637681,1.0
1860,0.0892857142857143,1.0,0.0,0.8875,0.6521739130434783,0.0
1861,0.44642857142857145,0.0,0.0,0.025000000000000022,0.11594202898550725,1.0
1862,0.5535714285714286,0.0,2.0,0.025000000000000022,0.5362318840579711,0.0
1863,0.35714285714285715,0.0,1.0,0.75,0.8115942028985508,1.0
1864,0.35714285714285715,1.0,0.0,0.95,0.8260869565217391,1.0
1865,0.25000000000000006,1.0,1.0,0.65,0.5942028985507247,0.0
1866,0.125,1.0,2.0,0.21250000000000002,0.08695652173913045,1.0
1867,0.26785714285714285,1.0,2.0,0.4125,0.14492753623188406,0.0
1868,0.5178571428571428,1.0,0.0,0.4125,0.17391304347826086,0.0
1869,0.0535714285714286,0.0,1.0,0.925,0.42028985507246375,1.0
1870,0.30357142857142855,1.0,1.0,0.8375000000000001,0.8115942028985508,0.0
1871,0.41071428571428575,1.0,0.0,0.65,0.10144927536231885,0.0
1872,0.41071428571428575,1.0,0.0,0.775,0.21739130434782608,0.0
1873,0.9285714285714286,0.0,0.0,0.22500000000000003,0.6521739130434783,1.0
1874,0.0,1.0,0.0,0.55,0.24637681159420288,0.0
1875,0.8928571428571428,0.0,0.0,0.5,0.40579710144927533,0.0
1876,0.39285714285714285,1.0,0.0,0.05000000000000002,0.6666666666666667,1.0
1877,0.8214285714285714,1.0,0.0,0.4625,0.5797101449275363,0.0
1878,0.5357142857142858,1.0,0.0,0.2625,0.17391304347826086,0.0
1879,0.01785714285714285,1.0,1.0,0.22500000000000003,0.5797101449275363,1.0
1880,0.0892857142857143,1.0,0.0,0.6375000000000001,0.7681159420289856,1.0
1881,0.25000000000000006,0.0,0.0,0.05000000000000002,0.2318840579710145,0.0
1882,0.21428571428571425,1.0,0.0,0.28750000000000003,0.40579710144927533,0.0
1883,0.41071428571428575,0.0,0.0,0.9875,0.4492753623188406,0.0
1884,0.9821428571428572,1.0,1.0,0.025000000000000022,0.08695652173913045,1.0
1885,0.8928571428571428,1.0,0.0,0.9875,0.0,0.0
1886,0.7321428571428572,0.0,1.0,0.9750000000000001,0.4782608695652174,1.0
1887,0.01785714285714285,1.0,2.0,0.2,0.11594202898550725,0.0
1888,0.7678571428571428,0.0,1.0,0.625,0.391304347826087,0.0
1889,0.0892857142857143,1.0,2.0,0.3375,0.36231884057971014,0.0
1890,0.8035714285714286,0.0,2.0,0.9875,0.6811594202898551,1.0
1891,0.26785714285714285,0.0,2.0,0.037500000000000006,0.5652173913043479,0.0
1892,0.8392857142857144,0.0,1.0,0.1875,0.855072463768116,1.0
1893,0.6964285714285714,1.0,0.0,0.5,0.2318840579710145,0.0
1894,0.23214285714285715,0.0,1.0,0.5625,0.6231884057971016,0.0
1895,0.5178571428571428,0.0,1.0,0.55,0.8260869565217391,0.0
1896,0.7678571428571428,0.0,1.0,0.10000000000000003,0.7246376811594204,0.0
1897,0.39285714285714285,1.0,1.0,0.7000000000000001,0.13043478260869565,1.0
1898,0.30357142857142855,1.0,1.0,0.7125,0.4492753623188406,1.0
1899,0.16071428571428575,0.0,0.0,0.0625,0.5942028985507247,0.0
1900,0.625,0.0,0.0,0.32500000000000007,0.7246376811594204,1.0
1901,0.5178571428571428,0.0,0.0,0.875,0.7681159420289856,1.0
1902,0.23214285714285715,1.0,1.0,0.8500000000000001,0.43478260869565216,1.0
1903,0.6964285714285714,0.0,2.0,0.012500000000000011,0.855072463768116,1.0
1904,0.5357142857142858,1.0,2.0,0.4125,0.0,0.0
1905,0.9821428571428572,0.0,1.0,0.8,0.6666666666666667,0.0
1906,0.5535714285714286,0.0,2.0,0.4625,0.9420289855072465,1.0
1907,0.6428571428571428,1.0,1.0,0.95,0.6521739130434783,0.0
1908,0.8571428571428572,1.0,1.0,0.32500000000000007,0.7246376811594204,1.0
1909,0.6428571428571428,0.0,2.0,0.025000000000000022,0.0,0.0
1910,0.0892857142857143,0.0,1.0,0.7875000000000001,0.5217391304347827,1.0
1911,0.33928571428571425,1.0,1.0,0.8125,0.9710144927536233,1.0
1912,0.8928571428571428,0.0,2.0,0.6000000000000001,0.10144927536231885,0.0
1913,0.33928571428571425,1.0,1.0,0.30000000000000004,0.6086956521739131,0.0
1914,0.46428571428571425,1.0,2.0,0.6000000000000001,0.7101449275362319,1.0
1915,0.6964285714285714,0.0,2.0,0.3375,0.5507246376811594,0.0
1916,0.6071428571428572,1.0,1.0,0.38750000000000007,0.782608695652174,1.0
1917,0.9285714285714286,0.0,2.0,0.65,0.34782608695652173,0.0
1918,0.28571428571428575,1.0,1.0,0.38750000000000007,0.6376811594202899,1.0
1919,0.9107142857142858,0.0,1.0,0.4125,0.6956521739130436,0.0
1920,0.01785714285714285,0.0,0.0,0.9125000000000001,0.21739130434782608,1.0
1921,0.28571428571428575,0.0,2.0,0.7375,0.3333333333333333,0.0
1922,0.17857142857142855,1.0,2.0,0.55,0.6956521739130436,1.0
1923,0.49999999999999994,1.0,2.0,0.025000000000000022,0.5072463768115942,1.0
1924,0.625,1.0,2.0,0.15000000000000002,1.0,0.0
1925,0.8214285714285714,1.0,0.0,0.21250000000000002,0.057971014492753624,0.0
1926,0.6607142857142858,0.0,1.0,0.3375,0.782608695652174,0.0
1927,0.21428571428571425,0.0,2.0,0.28750000000000003,0.7246376811594204,0.0
1928,0.26785714285714285,1.0,2.0,0.7125,0.4782608695652174,1.0
1929,0.7678571428571428,0.0,2.0,0.9875,0.927536231884058,0.0
1930,0.6607142857142858,0.0,0.0,1.0,0.36231884057971014,1.0
1931,0.44642857142857145,1.0,1.0,0.23750000000000004,0.9710144927536233,1.0
1932,0.0,0.0,2.0,0.21250000000000002,0.2608695652173913,0.0
1933,0.7142857142857144,1.0,1.0,0.8125,0.02898550724637681,1.0
1934,0.39285714285714285,0.0,1.0,0.025000000000000022,0.855072463768116,1.0
1935,0.9642857142857144,0.0,2.0,0.7625000000000001,0.34782608695652173,1.0
1936,0.07142857142857145,0.0,0.0,1.0,0.6811594202898551,0.0
1937,0.5357142857142858,1.0,1.0,0.8125,0.24637681159420288,1.0
1938,0.5714285714285714,0.0,1.0,0.7875000000000001,0.6231884057971016,0.0
1939,0.39285714285714285,1.0,2.0,0.5750000000000001,0.9855072463768116,1.0
1940,0.5178571428571428,0.0,1.0,0.48750000000000004,0.5797101449275363,0.0
1941,0.49999999999999994,1.0,2.0,0.2,0.5072463768115942,0.0
1942,0.6785714285714286,0.0,2.0,0.8625,0.2898550724637681,0.0
1943,0.125,1.0,0.0,0.42500000000000004,0.7391304347826088,0.0
1944,0.875,0.0,1.0,0.16250000000000003,0.8115942028985508,1.0
1945,0.7857142857142858,1.0,0.0,0.8375000000000001,0.2318840579710145,1.0
1946,0.0535714285714286,0.0,1.0,0.45000000000000007,0.9130434782608696,0.0
1947,0.25000000000000006,0.0,1.0,0.475,0.927536231884058,0.0
1948,0.6607142857142858,1.0,2.0,0.7875000000000001,0.42028985507246375,1.0
1949,0.16071428571428575,0.0,2.0,0.925,0.014492753623188406,1.0
1950,0.21428571428571425,1.0,0.0,1.0,0.9420289855072465,1.0
1951,0.33928571428571425,1.0,2.0,0.4125,0.08695652173913045,0.0
1952,0.5357142857142858,0.0,2.0,0.9750000000000001,0.2898550724637681,0.0
1953,0.125,1.0,1.0,0.3375,0.9420289855072465,0.0
1954,0.39285714285714285,1.0,1.0,0.475,0.3333333333333333,0.0
1955,0.25000000000000006,1.0,1.0,0.2625,0.14492753623188406,1.0
1956,1.0,1.0,1.0,0.025000000000000022,0.5507246376811594,1.0
1957,0.33928571428571425,1.0,0.0,0.6875,0.20289855072463767,1.0
1958,0.37499999999999994,1.0,2.0,0.65,0.9130434782608696,1.0
1959,0.5535714285714286,1.0,2.0,0.75,0.6521739130434783,0.0
1960,0.14285714285714285,1.0,1.0,0.32500000000000007,0.7536231884057971,1.0
1961,0.8571428571428572,0.0,0.0,0.9875,0.927536231884058,1.0
1962,0.48214285714285715,0.0,0.0,0.11249999999999999,0.9565217391304348,1.0
1963,0.42857142857142855,0.0,0.0,0.48750000000000004,0.3333333333333333,1.0
1964,0.48214285714285715,0.0,0.0,0.11249999999999999,0.8115942028985508,0.0
1965,0.9642857142857144,1.0,2.0,0.1875,0.8405797101449276,0.0
1966,0.19642857142857145,0.0,1.0,0.4125,0.15942028985507245,0.0
1967,0.16071428571428575,0.0,0.0,0.9875,0.6956521739130436,1.0
1968,0.5714285714285714,0.0,0.0,0.6375000000000001,0.0,1.0
1969,0.5892857142857142,0.0,0.0,0.5375000000000001,0.7391304347826088,0.0
1970,0.9464285714285714,1.0,0.0,0.475,0.6231884057971016,0.0
1971,0.6607142857142858,0.0,0.0,0.8,0.6956521739130436,0.0
1972,0.5357142857142858,1.0,2.0,0.75,0.8840579710144928,1.0
1973,0.7142857142857144,1.0,0.0,0.07500000000000001,0.2608695652173913,0.0
1974,0.16071428571428575,1.0,0.0,0.11249999999999999,0.5507246376811594,0.0
1975,0.9821428571428572,1.0,1.0,0.9000000000000001,0.391304347826087,1.0
1976,0.49999999999999994,1.0,1.0,0.17500000000000004,0.5362318840579711,0.0
1977,0.5892857142857142,0.0,1.0,0.8,0.6666666666666667,0.0
1978,0.6964285714285714,1.0,0.0,0.65,0.057971014492753624,0.0
1979,0.49999999999999994,1.0,1.0,0.5625,0.7391304347826088,1.0
1980,0.6428571428571428,0.0,0.0,0.32500000000000007,0.20289855072463767,0.0
1981,0.8928571428571428,1.0,2.0,0.7875000000000001,0.40579710144927533,0.0
1982,0.39285714285714285,1.0,0.0,0.42500000000000004,0.07246376811594203,1.0
1983,0.39285714285714285,0.0,1.0,0.7375,0.5507246376811594,0.0
1984,0.19642857142857145,0.0,2.0,0.125,0.7101449275362319,0.0
1985,0.32142857142857145,1.0,1.0,0.4625,0.43478260869565216,1.0
1986,0.19642857142857145,0.0,0.0,0.9375,0.36231884057971014,1.0
1987,0.0,0.0,0.0,0.525,0.6231884057971016,1.0
1988,0.10714285714285715,0.0,0.0,0.3125,0.855072463768116,1.0
1989,0.44642857142857145,0.0,0.0,0.7250000000000001,0.6811594202898551,0.0
1990,0.6964285714285714,0.0,1.0,0.775,0.7101449275362319,1.0
1991,0.035714285714285754,0.0,0.0,0.037500000000000006,0.5652173913043479,0.0
1992,0.8214285714285714,1.0,2.0,0.5,0.13043478260869565,0.0
1993,1.0,1.0,0.0,0.7875000000000001,0.6956521739130436,0.0
1994,0.0892857142857143,0.0,0.0,0.7875000000000001,0.0,1.0
1995,0.625,0.0,0.0,0.475,0.6231884057971016,0.0
1996,0.125,1.0,1.0,0.22500000000000003,0.5507246376811594,0.0
1997,0.21428571428571425,1.0,0.0,0.775,0.8695652173913044,1.0
1998,0.875,1.0,1.0,0.675,0.7971014492753624,0.0
1999,0.8571428571428572,0.0,0.0,0.9000000000000001,0.4492753623188406,0.0
